;Strombedarf_WP
0;185,0
1;185,0
2;185,0
3;185,0
4;185,0
5;185,0
6;185,0
7;185,0
8;185,0
9;225,0
10;345,0
11;345,0
12;345,0
13;345,0
14;320,0
15;320,0
16;220,0
17;160,0
18;160,0
19;160,0
20;160,0
21;160,0
22;160,0
23;160,0
24;160,0
25;160,0
26;160,0
27;160,0
28;160,0
29;160,0
30;160,0
31;160,0
32;200,0
33;170,0
34;170,0
35;235,0
36;220,0
37;220,0
38;220,0
39;220,0
40;180,0
41;100,0
42;100,0
43;100,0
44;85,0
45;70,0
46;70,0
47;30,0
48;30,0
49;60,0
50;75,0
51;90,0
52;90,0
53;90,0
54;110,0
55;145,0
56;260,0
57;320,0
58;285,0
59;255,0
60;275,0
61;275,0
62;260,0
63;205,0
64;145,0
65;80,0
66;20,0
67;20,0
68;20,0
69;0,0
70;0,0
71;0,0
72;0,0
73;30,0
74;30,0
75;30,0
76;30,0
77;30,0
78;190,0
79;320,0
80;340,0
81;340,0
82;340,0
83;340,0
84;340,0
85;340,0
86;280,0
87;260,0
88;180,0
89;145,0
90;100,0
91;100,0
92;100,0
93;85,0
94;70,0
95;70,0
96;55,0
97;55,0
98;55,0
99;55,0
100;85,0
101;115,0
102;225,0
103;280,0
104;320,0
105;320,0
106;320,0
107;320,0
108;340,0
109;320,0
110;280,0
111;260,0
112;190,0
113;120,0
114;120,0
115;120,0
116;120,0
117;70,0
118;40,0
119;40,0
120;40,0
121;0,0
122;0,0
123;45,0
124;90,0
125;90,0
126;120,0
127;200,0
128;265,0
129;345,0
130;345,0
131;345,0
132;345,0
133;325,0
134;275,0
135;185,0
136;125,0
137;125,0
138;100,0
139;100,0
140;100,0
141;85,0
142;70,0
143;70,0
144;30,0
145;90,0
146;90,0
147;90,0
148;90,0
149;90,0
150;180,0
151;220,0
152;320,0
153;320,0
154;320,0
155;275,0
156;260,0
157;260,0
158;200,0
159;160,0
160;120,0
161;100,0
162;85,0
163;40,0
164;40,0
165;40,0
166;70,0
167;100,0
168;60,0
169;90,0
170;115,0
171;115,0
172;145,0
173;145,0
174;185,0
175;225,0
176;305,0
177;330,0
178;275,0
179;260,0
180;260,0
181;220,0
182;140,0
183;120,0
184;100,0
185;100,0
186;100,0
187;130,0
188;145,0
189;145,0
190;130,0
191;170,0
192;170,0
193;170,0
194;170,0
195;90,0
196;90,0
197;120,0
198;120,0
199;120,0
200;120,0
201;240,0
202;260,0
203;245,0
204;245,0
205;285,0
206;285,0
207;245,0
208;165,0
209;165,0
210;165,0
211;120,0
212;100,0
213;85,0
214;130,0
215;130,0
216;130,0
217;130,0
218;90,0
219;90,0
220;90,0
221;120,0
222;120,0
223;160,0
224;260,0
225;320,0
226;320,0
227;320,0
228;360,0
229;345,0
230;315,0
231;240,0
232;205,0
233;205,0
234;185,0
235;165,0
236;165,0
237;125,0
238;125,0
239;100,0
240;160,0
241;145,0
242;130,0
243;90,0
244;90,0
245;90,0
246;130,0
247;230,0
248;280,0
249;320,0
250;320,0
251;320,0
252;305,0
253;260,0
254;200,0
255;160,0
256;120,0
257;100,0
258;100,0
259;85,0
260;70,0
261;70,0
262;70,0
263;15,0
264;0,0
265;60,0
266;85,0
267;115,0
268;145,0
269;145,0
270;345,0
271;345,0
272;345,0
273;345,0
274;345,0
275;365,0
276;365,0
277;280,0
278;260,0
279;240,0
280;200,0
281;180,0
282;180,0
283;180,0
284;180,0
285;160,0
286;160,0
287;160,0
288;160,0
289;160,0
290;160,0
291;160,0
292;160,0
293;160,0
294;320,0
295;320,0
296;345,0
297;345,0
298;330,0
299;315,0
300;315,0
301;315,0
302;240,0
303;205,0
304;165,0
305;145,0
306;145,0
307;120,0
308;150,0
309;130,0
310;160,0
311;160,0
312;160,0
313;160,0
314;160,0
315;160,0
316;160,0
317;160,0
318;320,0
319;320,0
320;320,0
321;320,0
322;305,0
323;290,0
324;295,0
325;260,0
326;200,0
327;200,0
328;120,0
329;145,0
330;175,0
331;190,0
332;205,0
333;185,0
334;185,0
335;185,0
336;160,0
337;120,0
338;120,0
339;120,0
340;120,0
341;120,0
342;120,0
343;200,0
344;320,0
345;320,0
346;320,0
347;320,0
348;305,0
349;270,0
350;190,0
351;130,0
352;155,0
353;155,0
354;155,0
355;170,0
356;185,0
357;170,0
358;155,0
359;140,0
360;100,0
361;100,0
362;100,0
363;100,0
364;115,0
365;130,0
366;160,0
367;200,0
368;200,0
369;320,0
370;320,0
371;320,0
372;305,0
373;290,0
374;290,0
375;190,0
376;130,0
377;155,0
378;155,0
379;155,0
380;170,0
381;185,0
382;170,0
383;155,0
384;130,0
385;130,0
386;130,0
387;130,0
388;130,0
389;130,0
390;145,0
391;200,0
392;280,0
393;280,0
394;305,0
395;290,0
396;290,0
397;290,0
398;270,0
399;210,0
400;150,0
401;115,0
402;125,0
403;155,0
404;155,0
405;155,0
406;140,0
407;125,0
408;125,0
409;115,0
410;130,0
411;130,0
412;90,0
413;130,0
414;115,0
415;250,0
416;250,0
417;250,0
418;290,0
419;290,0
420;330,0
421;330,0
422;270,0
423;230,0
424;220,0
425;200,0
426;185,0
427;170,0
428;140,0
429;100,0
430;100,0
431;100,0
432;100,0
433;85,0
434;30,0
435;55,0
436;70,0
437;125,0
438;235,0
439;275,0
440;275,0
441;315,0
442;315,0
443;290,0
444;275,0
445;200,0
446;180,0
447;140,0
448;120,0
449;100,0
450;100,0
451;100,0
452;60,0
453;60,0
454;45,0
455;30,0
456;70,0
457;70,0
458;70,0
459;110,0
460;90,0
461;90,0
462;170,0
463;250,0
464;250,0
465;280,0
466;300,0
467;320,0
468;340,0
469;305,0
470;230,0
471;200,0
472;165,0
473;155,0
474;155,0
475;135,0
476;115,0
477;95,0
478;55,0
479;30,0
480;30,0
481;30,0
482;60,0
483;75,0
484;90,0
485;120,0
486;200,0
487;280,0
488;320,0
489;320,0
490;320,0
491;305,0
492;245,0
493;230,0
494;170,0
495;170,0
496;115,0
497;60,0
498;60,0
499;20,0
500;20,0
501;0,0
502;0,0
503;0,0
504;0,0
505;60,0
506;60,0
507;90,0
508;120,0
509;120,0
510;160,0
511;240,0
512;320,0
513;345,0
514;345,0
515;300,0
516;270,0
517;235,0
518;135,0
519;80,0
520;65,0
521;40,0
522;40,0
523;0,0
524;0,0
525;0,0
526;0,0
527;0,0
528;60,0
529;60,0
530;90,0
531;120,0
532;120,0
533;160,0
534;200,0
535;200,0
536;200,0
537;320,0
538;320,0
539;305,0
540;230,0
541;230,0
542;210,0
543;110,0
544;70,0
545;55,0
546;40,0
547;40,0
548;0,0
549;0,0
550;0,0
551;30,0
552;90,0
553;120,0
554;120,0
555;145,0
556;145,0
557;185,0
558;225,0
559;265,0
560;345,0
561;345,0
562;345,0
563;365,0
564;340,0
565;340,0
566;320,0
567;280,0
568;185,0
569;135,0
570;120,0
571;120,0
572;120,0
573;100,0
574;100,0
575;100,0
576;100,0
577;160,0
578;160,0
579;160,0
580;160,0
581;160,0
582;200,0
583;280,0
584;280,0
585;305,0
586;305,0
587;315,0
588;315,0
589;300,0
590;215,0
591;175,0
592;135,0
593;95,0
594;70,0
595;70,0
596;85,0
597;100,0
598;100,0
599;100,0
600;60,0
601;90,0
602;120,0
603;120,0
604;120,0
605;105,0
606;170,0
607;250,0
608;250,0
609;235,0
610;230,0
611;230,0
612;255,0
613;220,0
614;120,0
615;120,0
616;80,0
617;40,0
618;40,0
619;40,0
620;40,0
621;0,0
622;0,0
623;0,0
624;0,0
625;0,0
626;0,0
627;0,0
628;40,0
629;40,0
630;160,0
631;200,0
632;200,0
633;200,0
634;215,0
635;230,0
636;260,0
637;220,0
638;140,0
639;140,0
640;100,0
641;60,0
642;60,0
643;90,0
644;75,0
645;115,0
646;125,0
647;125,0
648;125,0
649;125,0
650;125,0
651;110,0
652;30,0
653;60,0
654;165,0
655;220,0
656;220,0
657;220,0
658;260,0
659;260,0
660;280,0
661;260,0
662;215,0
663;230,0
664;190,0
665;165,0
666;180,0
667;180,0
668;180,0
669;130,0
670;130,0
671;115,0
672;60,0
673;60,0
674;60,0
675;45,0
676;30,0
677;30,0
678;70,0
679;140,0
680;220,0
681;255,0
682;285,0
683;285,0
684;285,0
685;245,0
686;185,0
687;140,0
688;155,0
689;130,0
690;100,0
691;100,0
692;100,0
693;60,0
694;60,0
695;45,0
696;70,0
697;70,0
698;70,0
699;50,0
700;30,0
701;60,0
702;90,0
703;130,0
704;130,0
705;180,0
706;220,0
707;220,0
708;175,0
709;200,0
710;160,0
711;100,0
712;40,0
713;40,0
714;40,0
715;40,0
716;0,0
717;0,0
718;0,0
719;15,0
720;70,0
721;70,0
722;85,0
723;100,0
724;100,0
725;100,0
726;60,0
727;100,0
728;180,0
729;250,0
730;250,0
731;250,0
732;250,0
733;335,0
734;285,0
735;200,0
736;145,0
737;105,0
738;85,0
739;85,0
740;20,0
741;0,0
742;0,0
743;0,0
744;0,0
745;0,0
746;0,0
747;30,0
748;30,0
749;30,0
750;120,0
751;220,0
752;275,0
753;290,0
754;320,0
755;320,0
756;340,0
757;305,0
758;220,0
759;180,0
760;110,0
761;60,0
762;60,0
763;20,0
764;20,0
765;20,0
766;0,0
767;0,0
768;0,0
769;30,0
770;30,0
771;30,0
772;30,0
773;70,0
774;180,0
775;275,0
776;320,0
777;320,0
778;320,0
779;320,0
780;290,0
781;220,0
782;135,0
783;105,0
784;85,0
785;25,0
786;25,0
787;25,0
788;25,0
789;0,0
790;0,0
791;40,0
792;40,0
793;70,0
794;50,0
795;30,0
796;70,0
797;100,0
798;210,0
799;280,0
800;280,0
801;280,0
802;300,0
803;320,0
804;255,0
805;160,0
806;120,0
807;120,0
808;100,0
809;80,0
810;80,0
811;100,0
812;80,0
813;60,0
814;40,0
815;70,0
816;70,0
817;30,0
818;60,0
819;120,0
820;120,0
821;120,0
822;200,0
823;240,0
824;345,0
825;345,0
826;345,0
827;345,0
828;345,0
829;325,0
830;235,0
831;205,0
832;185,0
833;125,0
834;100,0
835;100,0
836;100,0
837;100,0
838;85,0
839;100,0
840;130,0
841;130,0
842;90,0
843;90,0
844;90,0
845;90,0
846;90,0
847;240,0
848;240,0
849;320,0
850;305,0
851;260,0
852;240,0
853;200,0
854;160,0
855;100,0
856;100,0
857;55,0
858;40,0
859;40,0
860;40,0
861;40,0
862;0,0
863;0,0
864;15,0
865;75,0
866;90,0
867;115,0
868;145,0
869;145,0
870;185,0
871;225,0
872;265,0
873;345,0
874;305,0
875;260,0
876;260,0
877;260,0
878;190,0
879;130,0
880;70,0
881;70,0
882;70,0
883;70,0
884;70,0
885;70,0
886;60,0
887;120,0
888;120,0
889;120,0
890;105,0
891;90,0
892;90,0
893;90,0
894;170,0
895;190,0
896;320,0
897;320,0
898;275,0
899;230,0
900;275,0
901;275,0
902;275,0
903;215,0
904;135,0
905;115,0
906;115,0
907;115,0
908;50,0
909;30,0
910;45,0
911;30,0
912;30,0
913;90,0
914;90,0
915;90,0
916;90,0
917;160,0
918;200,0
919;320,0
920;320,0
921;320,0
922;320,0
923;320,0
924;320,0
925;245,0
926;190,0
927;170,0
928;150,0
929;90,0
930;90,0
931;90,0
932;105,0
933;100,0
934;100,0
935;185,0
936;145,0
937;145,0
938;145,0
939;145,0
940;145,0
941;145,0
942;240,0
943;320,0
944;320,0
945;320,0
946;320,0
947;320,0
948;340,0
949;270,0
950;200,0
951;200,0
952;140,0
953;120,0
954;120,0
955;105,0
956;90,0
957;70,0
958;70,0
959;130,0
960;130,0
961;130,0
962;130,0
963;115,0
964;145,0
965;145,0
966;265,0
967;305,0
968;305,0
969;345,0
970;345,0
971;345,0
972;305,0
973;220,0
974;180,0
975;180,0
976;160,0
977;100,0
978;100,0
979;85,0
980;70,0
981;70,0
982;70,0
983;30,0
984;30,0
985;60,0
986;90,0
987;90,0
988;90,0
989;120,0
990;240,0
991;320,0
992;320,0
993;320,0
994;320,0
995;325,0
996;315,0
997;250,0
998;190,0
999;215,0
1000;155,0
1001;135,0
1002;150,0
1003;165,0
1004;145,0
1005;110,0
1006;100,0
1007;130,0
1008;90,0
1009;90,0
1010;90,0
1011;90,0
1012;90,0
1013;90,0
1014;120,0
1015;240,0
1016;320,0
1017;320,0
1018;290,0
1019;290,0
1020;275,0
1021;200,0
1022;140,0
1023;100,0
1024;100,0
1025;100,0
1026;125,0
1027;125,0
1028;155,0
1029;155,0
1030;185,0
1031;170,0
1032;155,0
1033;130,0
1034;130,0
1035;90,0
1036;90,0
1037;90,0
1038;75,0
1039;100,0
1040;130,0
1041;235,0
1042;260,0
1043;260,0
1044;260,0
1045;260,0
1046;260,0
1047;170,0
1048;70,0
1049;70,0
1050;40,0
1051;40,0
1052;70,0
1053;70,0
1054;70,0
1055;60,0
1056;90,0
1057;90,0
1058;90,0
1059;90,0
1060;120,0
1061;120,0
1062;145,0
1063;150,0
1064;275,0
1065;315,0
1066;315,0
1067;315,0
1068;315,0
1069;315,0
1070;300,0
1071;235,0
1072;175,0
1073;155,0
1074;155,0
1075;130,0
1076;130,0
1077;130,0
1078;160,0
1079;160,0
1080;160,0
1081;160,0
1082;160,0
1083;160,0
1084;160,0
1085;200,0
1086;240,0
1087;320,0
1088;320,0
1089;290,0
1090;290,0
1091;245,0
1092;250,0
1093;230,0
1094;130,0
1095;110,0
1096;70,0
1097;50,0
1098;50,0
1099;90,0
1100;90,0
1101;100,0
1102;125,0
1103;155,0
1104;170,0
1105;185,0
1106;145,0
1107;145,0
1108;145,0
1109;160,0
1110;200,0
1111;280,0
1112;320,0
1113;320,0
1114;320,0
1115;265,0
1116;250,0
1117;250,0
1118;175,0
1119;80,0
1120;60,0
1121;20,0
1122;20,0
1123;20,0
1124;0,0
1125;0,0
1126;0,0
1127;0,0
1128;40,0
1129;40,0
1130;70,0
1131;70,0
1132;100,0
1133;140,0
1134;170,0
1135;280,0
1136;280,0
1137;280,0
1138;280,0
1139;280,0
1140;270,0
1141;195,0
1142;100,0
1143;100,0
1144;60,0
1145;85,0
1146;85,0
1147;85,0
1148;85,0
1149;65,0
1150;25,0
1151;0,0
1152;40,0
1153;40,0
1154;70,0
1155;50,0
1156;30,0
1157;90,0
1158;205,0
1159;280,0
1160;280,0
1161;280,0
1162;300,0
1163;320,0
1164;275,0
1165;205,0
1166;150,0
1167;80,0
1168;40,0
1169;40,0
1170;40,0
1171;20,0
1172;0,0
1173;0,0
1174;0,0
1175;40,0
1176;40,0
1177;70,0
1178;70,0
1179;115,0
1180;130,0
1181;160,0
1182;120,0
1183;200,0
1184;240,0
1185;265,0
1186;305,0
1187;290,0
1188;230,0
1189;195,0
1190;125,0
1191;105,0
1192;60,0
1193;40,0
1194;40,0
1195;40,0
1196;0,0
1197;0,0
1198;0,0
1199;0,0
1200;0,0
1201;0,0
1202;0,0
1203;15,0
1204;30,0
1205;30,0
1206;30,0
1207;75,0
1208;170,0
1209;320,0
1210;320,0
1211;320,0
1212;320,0
1213;320,0
1214;305,0
1215;175,0
1216;40,0
1217;40,0
1218;40,0
1219;40,0
1220;0,0
1221;0,0
1222;0,0
1223;0,0
1224;0,0
1225;0,0
1226;30,0
1227;30,0
1228;30,0
1229;30,0
1230;50,0
1231;105,0
1232;250,0
1233;305,0
1234;320,0
1235;305,0
1236;330,0
1237;300,0
1238;215,0
1239;165,0
1240;105,0
1241;65,0
1242;65,0
1243;65,0
1244;45,0
1245;0,0
1246;0,0
1247;0,0
1248;0,0
1249;0,0
1250;0,0
1251;0,0
1252;40,0
1253;40,0
1254;120,0
1255;200,0
1256;200,0
1257;160,0
1258;160,0
1259;160,0
1260;160,0
1261;140,0
1262;80,0
1263;80,0
1264;20,0
1265;15,0
1266;30,0
1267;30,0
1268;30,0
1269;30,0
1270;30,0
1271;0,0
1272;0,0
1273;0,0
1274;0,0
1275;40,0
1276;40,0
1277;40,0
1278;140,0
1279;200,0
1280;200,0
1281;230,0
1282;260,0
1283;240,0
1284;240,0
1285;220,0
1286;175,0
1287;175,0
1288;110,0
1289;90,0
1290;90,0
1291;105,0
1292;120,0
1293;100,0
1294;60,0
1295;60,0
1296;60,0
1297;60,0
1298;60,0
1299;30,0
1300;0,0
1301;30,0
1302;165,0
1303;220,0
1304;260,0
1305;285,0
1306;285,0
1307;320,0
1308;335,0
1309;315,0
1310;210,0
1311;195,0
1312;135,0
1313;90,0
1314;120,0
1315;120,0
1316;60,0
1317;60,0
1318;30,0
1319;30,0
1320;30,0
1321;15,0
1322;0,0
1323;0,0
1324;30,0
1325;60,0
1326;250,0
1327;290,0
1328;290,0
1329;290,0
1330;290,0
1331;290,0
1332;295,0
1333;225,0
1334;170,0
1335;130,0
1336;80,0
1337;60,0
1338;20,0
1339;20,0
1340;20,0
1341;30,0
1342;30,0
1343;30,0
1344;30,0
1345;30,0
1346;60,0
1347;60,0
1348;60,0
1349;160,0
1350;160,0
1351;305,0
1352;290,0
1353;315,0
1354;315,0
1355;315,0
1356;315,0
1357;205,0
1358;130,0
1359;65,0
1360;0,0
1361;0,0
1362;0,0
1363;0,0
1364;0,0
1365;0,0
1366;0,0
1367;0,0
1368;0,0
1369;30,0
1370;70,0
1371;100,0
1372;100,0
1373;130,0
1374;130,0
1375;240,0
1376;240,0
1377;280,0
1378;280,0
1379;250,0
1380;250,0
1381;200,0
1382;120,0
1383;60,0
1384;40,0
1385;40,0
1386;40,0
1387;40,0
1388;40,0
1389;0,0
1390;0,0
1391;0,0
1392;0,0
1393;0,0
1394;0,0
1395;0,0
1396;0,0
1397;30,0
1398;110,0
1399;110,0
1400;210,0
1401;230,0
1402;230,0
1403;230,0
1404;175,0
1405;160,0
1406;160,0
1407;80,0
1408;0,0
1409;0,0
1410;0,0
1411;0,0
1412;15,0
1413;30,0
1414;30,0
1415;30,0
1416;30,0
1417;15,0
1418;65,0
1419;95,0
1420;95,0
1421;125,0
1422;205,0
1423;285,0
1424;315,0
1425;250,0
1426;235,0
1427;205,0
1428;230,0
1429;210,0
1430;135,0
1431;120,0
1432;100,0
1433;80,0
1434;80,0
1435;80,0
1436;60,0
1437;40,0
1438;30,0
1439;30,0
1440;30,0
1441;30,0
1442;30,0
1443;60,0
1444;60,0
1445;60,0
1446;165,0
1447;220,0
1448;275,0
1449;290,0
1450;290,0
1451;290,0
1452;290,0
1453;250,0
1454;210,0
1455;210,0
1456;150,0
1457;100,0
1458;100,0
1459;100,0
1460;100,0
1461;85,0
1462;30,0
1463;55,0
1464;40,0
1465;25,0
1466;25,0
1467;25,0
1468;25,0
1469;115,0
1470;250,0
1471;250,0
1472;290,0
1473;305,0
1474;320,0
1475;320,0
1476;325,0
1477;260,0
1478;200,0
1479;115,0
1480;80,0
1481;60,0
1482;20,0
1483;20,0
1484;20,0
1485;0,0
1486;0,0
1487;0,0
1488;0,0
1489;30,0
1490;30,0
1491;100,0
1492;130,0
1493;160,0
1494;320,0
1495;320,0
1496;320,0
1497;320,0
1498;320,0
1499;340,0
1500;365,0
1501;325,0
1502;255,0
1503;240,0
1504;165,0
1505;145,0
1506;115,0
1507;115,0
1508;30,0
1509;30,0
1510;30,0
1511;30,0
1512;30,0
1513;75,0
1514;90,0
1515;120,0
1516;120,0
1517;160,0
1518;200,0
1519;280,0
1520;280,0
1521;320,0
1522;275,0
1523;210,0
1524;120,0
1525;80,0
1526;80,0
1527;20,0
1528;0,0
1529;0,0
1530;0,0
1531;0,0
1532;40,0
1533;40,0
1534;40,0
1535;40,0
1536;40,0
1537;55,0
1538;30,0
1539;30,0
1540;60,0
1541;75,0
1542;90,0
1543;185,0
1544;240,0
1545;280,0
1546;320,0
1547;345,0
1548;330,0
1549;250,0
1550;180,0
1551;105,0
1552;65,0
1553;65,0
1554;65,0
1555;40,0
1556;0,0
1557;0,0
1558;0,0
1559;30,0
1560;30,0
1561;60,0
1562;60,0
1563;105,0
1564;120,0
1565;160,0
1566;200,0
1567;300,0
1568;320,0
1569;320,0
1570;320,0
1571;280,0
1572;250,0
1573;160,0
1574;120,0
1575;80,0
1576;60,0
1577;20,0
1578;20,0
1579;20,0
1580;20,0
1581;40,0
1582;40,0
1583;40,0
1584;70,0
1585;70,0
1586;100,0
1587;130,0
1588;120,0
1589;160,0
1590;240,0
1591;280,0
1592;280,0
1593;305,0
1594;345,0
1595;345,0
1596;345,0
1597;305,0
1598;250,0
1599;215,0
1600;140,0
1601;125,0
1602;125,0
1603;100,0
1604;100,0
1605;100,0
1606;100,0
1607;115,0
1608;130,0
1609;130,0
1610;130,0
1611;130,0
1612;130,0
1613;130,0
1614;230,0
1615;280,0
1616;280,0
1617;280,0
1618;320,0
1619;305,0
1620;300,0
1621;260,0
1622;220,0
1623;180,0
1624;140,0
1625;140,0
1626;140,0
1627;125,0
1628;90,0
1629;70,0
1630;30,0
1631;30,0
1632;155,0
1633;155,0
1634;155,0
1635;135,0
1636;145,0
1637;145,0
1638;305,0
1639;280,0
1640;280,0
1641;280,0
1642;255,0
1643;230,0
1644;230,0
1645;180,0
1646;80,0
1647;40,0
1648;40,0
1649;40,0
1650;40,0
1651;20,0
1652;0,0
1653;0,0
1654;40,0
1655;40,0
1656;70,0
1657;70,0
1658;100,0
1659;115,0
1660;120,0
1661;120,0
1662;240,0
1663;240,0
1664;280,0
1665;280,0
1666;280,0
1667;190,0
1668;210,0
1669;175,0
1670;140,0
1671;140,0
1672;100,0
1673;60,0
1674;60,0
1675;60,0
1676;20,0
1677;0,0
1678;0,0
1679;0,0
1680;0,0
1681;0,0
1682;25,0
1683;25,0
1684;55,0
1685;55,0
1686;125,0
1687;195,0
1688;275,0
1689;290,0
1690;290,0
1691;290,0
1692;260,0
1693;175,0
1694;80,0
1695;20,0
1696;0,0
1697;0,0
1698;0,0
1699;0,0
1700;0,0
1701;0,0
1702;55,0
1703;70,0
1704;70,0
1705;70,0
1706;100,0
1707;100,0
1708;90,0
1709;120,0
1710;160,0
1711;160,0
1712;145,0
1713;250,0
1714;250,0
1715;220,0
1716;175,0
1717;200,0
1718;180,0
1719;80,0
1720;40,0
1721;40,0
1722;40,0
1723;40,0
1724;0,0
1725;0,0
1726;0,0
1727;0,0
1728;0,0
1729;0,0
1730;15,0
1731;30,0
1732;30,0
1733;30,0
1734;100,0
1735;210,0
1736;330,0
1737;345,0
1738;345,0
1739;365,0
1740;365,0
1741;335,0
1742;225,0
1743;100,0
1744;20,0
1745;20,0
1746;20,0
1747;20,0
1748;0,0
1749;0,0
1750;0,0
1751;0,0
1752;0,0
1753;0,0
1754;40,0
1755;70,0
1756;70,0
1757;70,0
1758;170,0
1759;260,0
1760;320,0
1761;320,0
1762;280,0
1763;280,0
1764;300,0
1765;205,0
1766;120,0
1767;100,0
1768;40,0
1769;20,0
1770;20,0
1771;20,0
1772;20,0
1773;20,0
1774;0,0
1775;0,0
1776;40,0
1777;40,0
1778;40,0
1779;40,0
1780;40,0
1781;40,0
1782;120,0
1783;190,0
1784;190,0
1785;190,0
1786;190,0
1787;190,0
1788;205,0
1789;260,0
1790;180,0
1791;150,0
1792;145,0
1793;125,0
1794;110,0
1795;55,0
1796;55,0
1797;15,0
1798;0,0
1799;30,0
1800;30,0
1801;30,0
1802;30,0
1803;30,0
1804;30,0
1805;15,0
1806;160,0
1807;190,0
1808;190,0
1809;230,0
1810;230,0
1811;230,0
1812;230,0
1813;230,0
1814;120,0
1815;120,0
1816;80,0
1817;40,0
1818;40,0
1819;40,0
1820;20,0
1821;20,0
1822;0,0
1823;0,0
1824;0,0
1825;40,0
1826;40,0
1827;40,0
1828;20,0
1829;0,0
1830;80,0
1831;120,0
1832;160,0
1833;160,0
1834;160,0
1835;160,0
1836;180,0
1837;200,0
1838;160,0
1839;175,0
1840;130,0
1841;70,0
1842;50,0
1843;45,0
1844;60,0
1845;60,0
1846;60,0
1847;60,0
1848;60,0
1849;60,0
1850;60,0
1851;60,0
1852;90,0
1853;60,0
1854;110,0
1855;110,0
1856;150,0
1857;190,0
1858;175,0
1859;160,0
1860;200,0
1861;140,0
1862;100,0
1863;60,0
1864;20,0
1865;0,0
1866;0,0
1867;0,0
1868;0,0
1869;0,0
1870;0,0
1871;25,0
1872;65,0
1873;95,0
1874;125,0
1875;145,0
1876;125,0
1877;125,0
1878;100,0
1879;100,0
1880;100,0
1881;195,0
1882;180,0
1883;165,0
1884;190,0
1885;190,0
1886;175,0
1887;100,0
1888;40,0
1889;60,0
1890;40,0
1891;40,0
1892;40,0
1893;70,0
1894;30,0
1895;30,0
1896;60,0
1897;60,0
1898;75,0
1899;90,0
1900;90,0
1901;75,0
1902;90,0
1903;170,0
1904;290,0
1905;290,0
1906;290,0
1907;290,0
1908;295,0
1909;265,0
1910;215,0
1911;140,0
1912;80,0
1913;20,0
1914;20,0
1915;20,0
1916;20,0
1917;0,0
1918;0,0
1919;0,0
1920;0,0
1921;0,0
1922;0,0
1923;0,0
1924;0,0
1925;15,0
1926;220,0
1927;285,0
1928;285,0
1929;285,0
1930;285,0
1931;235,0
1932;205,0
1933;160,0
1934;120,0
1935;60,0
1936;40,0
1937;20,0
1938;20,0
1939;20,0
1940;0,0
1941;0,0
1942;0,0
1943;0,0
1944;0,0
1945;0,0
1946;0,0
1947;0,0
1948;0,0
1949;40,0
1950;160,0
1951;245,0
1952;260,0
1953;260,0
1954;260,0
1955;260,0
1956;240,0
1957;210,0
1958;100,0
1959;100,0
1960;70,0
1961;50,0
1962;50,0
1963;50,0
1964;50,0
1965;70,0
1966;70,0
1967;70,0
1968;70,0
1969;55,0
1970;0,0
1971;0,0
1972;0,0
1973;0,0
1974;150,0
1975;220,0
1976;250,0
1977;250,0
1978;250,0
1979;305,0
1980;320,0
1981;250,0
1982;180,0
1983;150,0
1984;130,0
1985;95,0
1986;95,0
1987;55,0
1988;25,0
1989;25,0
1990;25,0
1991;0,0
1992;0,0
1993;0,0
1994;0,0
1995;0,0
1996;0,0
1997;0,0
1998;120,0
1999;260,0
2000;290,0
2001;290,0
2002;320,0
2003;320,0
2004;360,0
2005;340,0
2006;235,0
2007;220,0
2008;115,0
2009;40,0
2010;40,0
2011;40,0
2012;20,0
2013;20,0
2014;0,0
2015;0,0
2016;0,0
2017;0,0
2018;30,0
2019;30,0
2020;70,0
2021;115,0
2022;130,0
2023;170,0
2024;250,0
2025;290,0
2026;250,0
2027;190,0
2028;160,0
2029;160,0
2030;100,0
2031;20,0
2032;15,0
2033;30,0
2034;30,0
2035;30,0
2036;30,0
2037;15,0
2038;0,0
2039;0,0
2040;40,0
2041;40,0
2042;40,0
2043;40,0
2044;40,0
2045;0,0
2046;65,0
2047;65,0
2048;65,0
2049;145,0
2050;185,0
2051;185,0
2052;160,0
2053;160,0
2054;140,0
2055;60,0
2056;0,0
2057;15,0
2058;30,0
2059;30,0
2060;30,0
2061;30,0
2062;30,0
2063;0,0
2064;0,0
2065;0,0
2066;0,0
2067;40,0
2068;40,0
2069;40,0
2070;80,0
2071;120,0
2072;160,0
2073;160,0
2074;160,0
2075;160,0
2076;160,0
2077;160,0
2078;140,0
2079;80,0
2080;0,0
2081;0,0
2082;0,0
2083;0,0
2084;0,0
2085;0,0
2086;0,0
2087;0,0
2088;0,0
2089;0,0
2090;0,0
2091;0,0
2092;0,0
2093;0,0
2094;160,0
2095;200,0
2096;200,0
2097;200,0
2098;200,0
2099;200,0
2100;180,0
2101;120,0
2102;100,0
2103;80,0
2104;60,0
2105;20,0
2106;20,0
2107;20,0
2108;20,0
2109;20,0
2110;0,0
2111;0,0
2112;0,0
2113;0,0
2114;70,0
2115;85,0
2116;170,0
2117;150,0
2118;250,0
2119;250,0
2120;250,0
2121;235,0
2122;190,0
2123;170,0
2124;175,0
2125;180,0
2126;140,0
2127;120,0
2128;60,0
2129;60,0
2130;40,0
2131;20,0
2132;0,0
2133;0,0
2134;0,0
2135;0,0
2136;0,0
2137;0,0
2138;0,0
2139;0,0
2140;40,0
2141;40,0
2142;160,0
2143;160,0
2144;160,0
2145;120,0
2146;140,0
2147;160,0
2148;180,0
2149;180,0
2150;140,0
2151;120,0
2152;80,0
2153;20,0
2154;20,0
2155;20,0
2156;20,0
2157;0,0
2158;0,0
2159;0,0
2160;0,0
2161;0,0
2162;0,0
2163;0,0
2164;0,0
2165;40,0
2166;190,0
2167;190,0
2168;230,0
2169;230,0
2170;230,0
2171;255,0
2172;285,0
2173;245,0
2174;185,0
2175;115,0
2176;75,0
2177;25,0
2178;15,0
2179;60,0
2180;60,0
2181;60,0
2182;60,0
2183;100,0
2184;100,0
2185;85,0
2186;40,0
2187;55,0
2188;30,0
2189;30,0
2190;30,0
2191;110,0
2192;150,0
2193;190,0
2194;190,0
2195;175,0
2196;160,0
2197;140,0
2198;80,0
2199;40,0
2200;40,0
2201;40,0
2202;40,0
2203;40,0
2204;40,0
2205;0,0
2206;0,0
2207;0,0
2208;30,0
2209;30,0
2210;60,0
2211;60,0
2212;120,0
2213;120,0
2214;120,0
2215;160,0
2216;225,0
2217;250,0
2218;275,0
2219;230,0
2220;215,0
2221;200,0
2222;160,0
2223;80,0
2224;0,0
2225;0,0
2226;0,0
2227;0,0
2228;0,0
2229;0,0
2230;0,0
2231;0,0
2232;40,0
2233;40,0
2234;40,0
2235;70,0
2236;70,0
2237;95,0
2238;95,0
2239;150,0
2240;205,0
2241;245,0
2242;245,0
2243;190,0
2244;215,0
2245;200,0
2246;200,0
2247;140,0
2248;60,0
2249;40,0
2250;40,0
2251;40,0
2252;20,0
2253;0,0
2254;0,0
2255;0,0
2256;0,0
2257;0,0
2258;0,0
2259;0,0
2260;0,0
2261;0,0
2262;120,0
2263;200,0
2264;200,0
2265;200,0
2266;160,0
2267;160,0
2268;160,0
2269;140,0
2270;80,0
2271;80,0
2272;40,0
2273;0,0
2274;0,0
2275;0,0
2276;0,0
2277;0,0
2278;0,0
2279;0,0
2280;0,0
2281;0,0
2282;0,0
2283;0,0
2284;0,0
2285;0,0
2286;80,0
2287;160,0
2288;160,0
2289;160,0
2290;160,0
2291;180,0
2292;180,0
2293;180,0
2294;135,0
2295;130,0
2296;90,0
2297;90,0
2298;90,0
2299;75,0
2300;60,0
2301;0,0
2302;0,0
2303;0,0
2304;0,0
2305;0,0
2306;0,0
2307;0,0
2308;0,0
2309;0,0
2310;80,0
2311;160,0
2312;160,0
2313;160,0
2314;160,0
2315;180,0
2316;180,0
2317;180,0
2318;100,0
2319;100,0
2320;40,0
2321;20,0
2322;20,0
2323;20,0
2324;0,0
2325;0,0
2326;0,0
2327;0,0
2328;0,0
2329;0,0
2330;0,0
2331;40,0
2332;40,0
2333;40,0
2334;160,0
2335;160,0
2336;160,0
2337;160,0
2338;160,0
2339;160,0
2340;180,0
2341;140,0
2342;100,0
2343;100,0
2344;80,0
2345;20,0
2346;20,0
2347;20,0
2348;20,0
2349;0,0
2350;0,0
2351;0,0
2352;0,0
2353;0,0
2354;0,0
2355;0,0
2356;0,0
2357;0,0
2358;0,0
2359;40,0
2360;160,0
2361;160,0
2362;160,0
2363;160,0
2364;160,0
2365;120,0
2366;80,0
2367;20,0
2368;0,0
2369;0,0
2370;0,0
2371;0,0
2372;0,0
2373;0,0
2374;0,0
2375;0,0
2376;0,0
2377;15,0
2378;30,0
2379;30,0
2380;30,0
2381;30,0
2382;15,0
2383;40,0
2384;80,0
2385;200,0
2386;200,0
2387;200,0
2388;160,0
2389;160,0
2390;160,0
2391;80,0
2392;0,0
2393;0,0
2394;0,0
2395;0,0
2396;0,0
2397;0,0
2398;0,0
2399;0,0
2400;0,0
2401;0,0
2402;0,0
2403;0,0
2404;0,0
2405;0,0
2406;20,0
2407;80,0
2408;120,0
2409;160,0
2410;160,0
2411;160,0
2412;160,0
2413;160,0
2414;160,0
2415;100,0
2416;40,0
2417;0,0
2418;0,0
2419;0,0
2420;0,0
2421;0,0
2422;0,0
2423;0,0
2424;0,0
2425;0,0
2426;0,0
2427;0,0
2428;0,0
2429;0,0
2430;80,0
2431;160,0
2432;160,0
2433;160,0
2434;160,0
2435;160,0
2436;200,0
2437;180,0
2438;120,0
2439;120,0
2440;60,0
2441;40,0
2442;40,0
2443;40,0
2444;20,0
2445;0,0
2446;0,0
2447;0,0
2448;0,0
2449;0,0
2450;0,0
2451;0,0
2452;0,0
2453;40,0
2454;140,0
2455;200,0
2456;200,0
2457;160,0
2458;160,0
2459;160,0
2460;160,0
2461;140,0
2462;80,0
2463;80,0
2464;60,0
2465;0,0
2466;0,0
2467;0,0
2468;0,0
2469;0,0
2470;0,0
2471;0,0
2472;0,0
2473;0,0
2474;0,0
2475;0,0
2476;0,0
2477;0,0
2478;120,0
2479;160,0
2480;160,0
2481;160,0
2482;160,0
2483;160,0
2484;180,0
2485;160,0
2486;100,0
2487;80,0
2488;40,0
2489;20,0
2490;20,0
2491;20,0
2492;20,0
2493;0,0
2494;0,0
2495;0,0
2496;0,0
2497;0,0
2498;0,0
2499;0,0
2500;0,0
2501;40,0
2502;120,0
2503;160,0
2504;200,0
2505;200,0
2506;200,0
2507;220,0
2508;180,0
2509;120,0
2510;100,0
2511;80,0
2512;60,0
2513;20,0
2514;20,0
2515;20,0
2516;0,0
2517;0,0
2518;0,0
2519;0,0
2520;0,0
2521;0,0
2522;15,0
2523;30,0
2524;30,0
2525;30,0
2526;150,0
2527;190,0
2528;160,0
2529;200,0
2530;200,0
2531;160,0
2532;140,0
2533;60,0
2534;40,0
2535;0,0
2536;0,0
2537;0,0
2538;0,0
2539;0,0
2540;0,0
2541;0,0
2542;0,0
2543;40,0
2544;40,0
2545;40,0
2546;40,0
2547;0,0
2548;40,0
2549;40,0
2550;40,0
2551;40,0
2552;40,0
2553;120,0
2554;120,0
2555;120,0
2556;120,0
2557;160,0
2558;140,0
2559;80,0
2560;40,0
2561;40,0
2562;40,0
2563;20,0
2564;0,0
2565;0,0
2566;0,0
2567;0,0
2568;0,0
2569;0,0
2570;0,0
2571;0,0
2572;0,0
2573;0,0
2574;0,0
2575;0,0
2576;0,0
2577;80,0
2578;80,0
2579;160,0
2580;160,0
2581;160,0
2582;160,0
2583;120,0
2584;60,0
2585;60,0
2586;40,0
2587;40,0
2588;40,0
2589;0,0
2590;0,0
2591;0,0
2592;0,0
2593;0,0
2594;0,0
2595;0,0
2596;0,0
2597;15,0
2598;30,0
2599;110,0
2600;190,0
2601;230,0
2602;230,0
2603;250,0
2604;220,0
2605;220,0
2606;220,0
2607;160,0
2608;40,0
2609;20,0
2610;20,0
2611;20,0
2612;20,0
2613;0,0
2614;0,0
2615;0,0
2616;0,0
2617;0,0
2618;0,0
2619;40,0
2620;40,0
2621;40,0
2622;140,0
2623;200,0
2624;200,0
2625;160,0
2626;160,0
2627;160,0
2628;160,0
2629;160,0
2630;80,0
2631;60,0
2632;20,0
2633;0,0
2634;0,0
2635;0,0
2636;0,0
2637;0,0
2638;0,0
2639;0,0
2640;0,0
2641;40,0
2642;40,0
2643;40,0
2644;40,0
2645;55,0
2646;210,0
2647;190,0
2648;190,0
2649;190,0
2650;190,0
2651;175,0
2652;200,0
2653;180,0
2654;120,0
2655;100,0
2656;60,0
2657;40,0
2658;40,0
2659;40,0
2660;20,0
2661;0,0
2662;0,0
2663;0,0
2664;0,0
2665;40,0
2666;40,0
2667;40,0
2668;40,0
2669;40,0
2670;160,0
2671;160,0
2672;200,0
2673;215,0
2674;215,0
2675;215,0
2676;215,0
2677;180,0
2678;80,0
2679;60,0
2680;0,0
2681;0,0
2682;0,0
2683;0,0
2684;0,0
2685;0,0
2686;0,0
2687;0,0
2688;0,0
2689;0,0
2690;0,0
2691;0,0
2692;40,0
2693;40,0
2694;80,0
2695;80,0
2696;160,0
2697;160,0
2698;160,0
2699;160,0
2700;160,0
2701;140,0
2702;40,0
2703;0,0
2704;0,0
2705;0,0
2706;0,0
2707;0,0
2708;0,0
2709;0,0
2710;0,0
2711;0,0
2712;0,0
2713;40,0
2714;40,0
2715;40,0
2716;20,0
2717;0,0
2718;0,0
2719;0,0
2720;55,0
2721;150,0
2722;150,0
2723;150,0
2724;150,0
2725;230,0
2726;200,0
2727;100,0
2728;80,0
2729;40,0
2730;40,0
2731;40,0
2732;0,0
2733;0,0
2734;0,0
2735;0,0
2736;0,0
2737;0,0
2738;0,0
2739;0,0
2740;0,0
2741;0,0
2742;0,0
2743;40,0
2744;120,0
2745;160,0
2746;160,0
2747;160,0
2748;180,0
2749;180,0
2750;160,0
2751;100,0
2752;100,0
2753;80,0
2754;60,0
2755;60,0
2756;20,0
2757;0,0
2758;0,0
2759;0,0
2760;0,0
2761;0,0
2762;0,0
2763;0,0
2764;0,0
2765;0,0
2766;100,0
2767;160,0
2768;160,0
2769;160,0
2770;160,0
2771;180,0
2772;180,0
2773;160,0
2774;120,0
2775;60,0
2776;80,0
2777;60,0
2778;60,0
2779;60,0
2780;0,0
2781;0,0
2782;0,0
2783;0,0
2784;0,0
2785;0,0
2786;0,0
2787;0,0
2788;0,0
2789;0,0
2790;120,0
2791;160,0
2792;160,0
2793;175,0
2794;230,0
2795;230,0
2796;250,0
2797;250,0
2798;130,0
2799;100,0
2800;40,0
2801;20,0
2802;20,0
2803;20,0
2804;20,0
2805;0,0
2806;0,0
2807;0,0
2808;0,0
2809;0,0
2810;0,0
2811;0,0
2812;0,0
2813;0,0
2814;120,0
2815;175,0
2816;230,0
2817;230,0
2818;230,0
2819;230,0
2820;175,0
2821;120,0
2822;80,0
2823;80,0
2824;40,0
2825;0,0
2826;0,0
2827;0,0
2828;0,0
2829;0,0
2830;0,0
2831;0,0
2832;0,0
2833;0,0
2834;0,0
2835;0,0
2836;0,0
2837;0,0
2838;160,0
2839;200,0
2840;200,0
2841;200,0
2842;200,0
2843;220,0
2844;240,0
2845;180,0
2846;120,0
2847;120,0
2848;95,0
2849;70,0
2850;70,0
2851;70,0
2852;50,0
2853;30,0
2854;0,0
2855;0,0
2856;40,0
2857;40,0
2858;40,0
2859;65,0
2860;80,0
2861;95,0
2862;55,0
2863;125,0
2864;245,0
2865;245,0
2866;190,0
2867;190,0
2868;175,0
2869;160,0
2870;60,0
2871;0,0
2872;0,0
2873;40,0
2874;40,0
2875;40,0
2876;40,0
2877;40,0
2878;0,0
2879;0,0
2880;0,0
2881;0,0
2882;0,0
2883;15,0
2884;30,0
2885;30,0
2886;70,0
2887;70,0
2888;110,0
2889;150,0
2890;160,0
2891;160,0
2892;160,0
2893;160,0
2894;140,0
2895;40,0
2896;0,0
2897;0,0
2898;0,0
2899;0,0
2900;0,0
2901;0,0
2902;0,0
2903;0,0
2904;0,0
2905;0,0
2906;0,0
2907;40,0
2908;40,0
2909;40,0
2910;80,0
2911;80,0
2912;160,0
2913;160,0
2914;160,0
2915;160,0
2916;160,0
2917;160,0
2918;140,0
2919;80,0
2920;0,0
2921;0,0
2922;0,0
2923;0,0
2924;0,0
2925;0,0
2926;0,0
2927;0,0
2928;0,0
2929;0,0
2930;0,0
2931;0,0
2932;0,0
2933;0,0
2934;140,0
2935;160,0
2936;160,0
2937;160,0
2938;160,0
2939;160,0
2940;180,0
2941;140,0
2942;100,0
2943;80,0
2944;40,0
2945;20,0
2946;20,0
2947;20,0
2948;20,0
2949;0,0
2950;0,0
2951;0,0
2952;0,0
2953;0,0
2954;0,0
2955;0,0
2956;0,0
2957;0,0
2958;160,0
2959;160,0
2960;160,0
2961;160,0
2962;160,0
2963;180,0
2964;180,0
2965;160,0
2966;100,0
2967;80,0
2968;40,0
2969;20,0
2970;20,0
2971;20,0
2972;0,0
2973;0,0
2974;0,0
2975;0,0
2976;0,0
2977;0,0
2978;0,0
2979;0,0
2980;0,0
2981;0,0
2982;160,0
2983;160,0
2984;160,0
2985;160,0
2986;160,0
2987;160,0
2988;180,0
2989;140,0
2990;100,0
2991;80,0
2992;40,0
2993;20,0
2994;20,0
2995;20,0
2996;20,0
2997;0,0
2998;0,0
2999;0,0
3000;0,0
3001;0,0
3002;0,0
3003;0,0
3004;0,0
3005;0,0
3006;160,0
3007;160,0
3008;160,0
3009;160,0
3010;160,0
3011;160,0
3012;160,0
3013;120,0
3014;80,0
3015;80,0
3016;20,0
3017;0,0
3018;0,0
3019;0,0
3020;0,0
3021;0,0
3022;0,0
3023;0,0
3024;0,0
3025;0,0
3026;0,0
3027;0,0
3028;0,0
3029;0,0
3030;40,0
3031;80,0
3032;160,0
3033;160,0
3034;160,0
3035;160,0
3036;120,0
3037;80,0
3038;60,0
3039;20,0
3040;0,0
3041;0,0
3042;0,0
3043;0,0
3044;0,0
3045;0,0
3046;0,0
3047;0,0
3048;0,0
3049;0,0
3050;0,0
3051;0,0
3052;0,0
3053;0,0
3054;0,0
3055;40,0
3056;120,0
3057;200,0
3058;200,0
3059;200,0
3060;160,0
3061;160,0
3062;120,0
3063;40,0
3064;0,0
3065;0,0
3066;0,0
3067;0,0
3068;0,0
3069;0,0
3070;0,0
3071;0,0
3072;0,0
3073;0,0
3074;0,0
3075;0,0
3076;0,0
3077;0,0
3078;40,0
3079;120,0
3080;160,0
3081;160,0
3082;160,0
3083;160,0
3084;200,0
3085;200,0
3086;160,0
3087;100,0
3088;100,0
3089;80,0
3090;80,0
3091;80,0
3092;20,0
3093;20,0
3094;0,0
3095;0,0
3096;0,0
3097;0,0
3098;0,0
3099;0,0
3100;0,0
3101;40,0
3102;120,0
3103;175,0
3104;190,0
3105;190,0
3106;190,0
3107;190,0
3108;190,0
3109;100,0
3110;80,0
3111;60,0
3112;20,0
3113;40,0
3114;40,0
3115;40,0
3116;40,0
3117;0,0
3118;0,0
3119;0,0
3120;0,0
3121;0,0
3122;0,0
3123;0,0
3124;0,0
3125;40,0
3126;120,0
3127;160,0
3128;160,0
3129;160,0
3130;160,0
3131;160,0
3132;160,0
3133;160,0
3134;100,0
3135;60,0
3136;40,0
3137;20,0
3138;20,0
3139;20,0
3140;20,0
3141;60,0
3142;40,0
3143;80,0
3144;80,0
3145;80,0
3146;20,0
3147;0,0
3148;0,0
3149;0,0
3150;80,0
3151;120,0
3152;120,0
3153;120,0
3154;140,0
3155;180,0
3156;180,0
3157;140,0
3158;100,0
3159;100,0
3160;120,0
3161;100,0
3162;100,0
3163;80,0
3164;40,0
3165;0,0
3166;0,0
3167;0,0
3168;15,0
3169;30,0
3170;30,0
3171;30,0
3172;30,0
3173;30,0
3174;80,0
3175;120,0
3176;160,0
3177;160,0
3178;160,0
3179;160,0
3180;180,0
3181;140,0
3182;100,0
3183;100,0
3184;60,0
3185;20,0
3186;20,0
3187;20,0
3188;20,0
3189;0,0
3190;0,0
3191;0,0
3192;0,0
3193;40,0
3194;40,0
3195;40,0
3196;40,0
3197;40,0
3198;40,0
3199;120,0
3200;160,0
3201;160,0
3202;160,0
3203;160,0
3204;120,0
3205;80,0
3206;40,0
3207;0,0
3208;0,0
3209;0,0
3210;0,0
3211;0,0
3212;0,0
3213;0,0
3214;0,0
3215;0,0
3216;0,0
3217;0,0
3218;0,0
3219;0,0
3220;0,0
3221;0,0
3222;40,0
3223;80,0
3224;80,0
3225;160,0
3226;160,0
3227;160,0
3228;160,0
3229;140,0
3230;100,0
3231;40,0
3232;0,0
3233;0,0
3234;0,0
3235;0,0
3236;0,0
3237;0,0
3238;0,0
3239;0,0
3240;0,0
3241;0,0
3242;0,0
3243;0,0
3244;40,0
3245;40,0
3246;120,0
3247;160,0
3248;120,0
3249;160,0
3250;160,0
3251;160,0
3252;160,0
3253;140,0
3254;120,0
3255;100,0
3256;20,0
3257;0,0
3258;0,0
3259;0,0
3260;0,0
3261;0,0
3262;0,0
3263;0,0
3264;0,0
3265;0,0
3266;0,0
3267;0,0
3268;40,0
3269;40,0
3270;120,0
3271;200,0
3272;160,0
3273;160,0
3274;160,0
3275;160,0
3276;200,0
3277;200,0
3278;120,0
3279;120,0
3280;100,0
3281;40,0
3282;40,0
3283;55,0
3284;50,0
3285;30,0
3286;30,0
3287;30,0
3288;15,0
3289;0,0
3290;0,0
3291;0,0
3292;0,0
3293;0,0
3294;80,0
3295;160,0
3296;200,0
3297;200,0
3298;200,0
3299;200,0
3300;160,0
3301;160,0
3302;100,0
3303;80,0
3304;20,0
3305;0,0
3306;0,0
3307;0,0
3308;0,0
3309;0,0
3310;0,0
3311;0,0
3312;0,0
3313;0,0
3314;0,0
3315;0,0
3316;0,0
3317;0,0
3318;80,0
3319;160,0
3320;160,0
3321;160,0
3322;160,0
3323;160,0
3324;180,0
3325;180,0
3326;100,0
3327;100,0
3328;60,0
3329;20,0
3330;20,0
3331;20,0
3332;20,0
3333;20,0
3334;0,0
3335;0,0
3336;0,0
3337;0,0
3338;0,0
3339;0,0
3340;0,0
3341;0,0
3342;120,0
3343;160,0
3344;160,0
3345;160,0
3346;160,0
3347;180,0
3348;180,0
3349;120,0
3350;100,0
3351;100,0
3352;80,0
3353;20,0
3354;35,0
3355;50,0
3356;30,0
3357;30,0
3358;30,0
3359;30,0
3360;0,0
3361;0,0
3362;0,0
3363;0,0
3364;0,0
3365;0,0
3366;40,0
3367;120,0
3368;120,0
3369;160,0
3370;160,0
3371;160,0
3372;120,0
3373;80,0
3374;60,0
3375;0,0
3376;0,0
3377;0,0
3378;0,0
3379;0,0
3380;0,0
3381;0,0
3382;0,0
3383;0,0
3384;0,0
3385;0,0
3386;0,0
3387;0,0
3388;0,0
3389;0,0
3390;0,0
3391;80,0
3392;80,0
3393;160,0
3394;160,0
3395;160,0
3396;160,0
3397;170,0
3398;150,0
3399;110,0
3400;30,0
3401;30,0
3402;30,0
3403;15,0
3404;0,0
3405;0,0
3406;0,0
3407;0,0
3408;0,0
3409;0,0
3410;0,0
3411;0,0
3412;0,0
3413;0,0
3414;80,0
3415;80,0
3416;120,0
3417;160,0
3418;190,0
3419;190,0
3420;190,0
3421;190,0
3422;200,0
3423;180,0
3424;120,0
3425;100,0
3426;65,0
3427;50,0
3428;35,0
3429;20,0
3430;0,0
3431;0,0
3432;0,0
3433;0,0
3434;0,0
3435;0,0
3436;0,0
3437;0,0
3438;80,0
3439;140,0
3440;160,0
3441;160,0
3442;160,0
3443;190,0
3444;190,0
3445;190,0
3446;110,0
3447;110,0
3448;70,0
3449;30,0
3450;30,0
3451;30,0
3452;15,0
3453;0,0
3454;0,0
3455;0,0
3456;0,0
3457;0,0
3458;0,0
3459;0,0
3460;0,0
3461;0,0
3462;100,0
3463;160,0
3464;160,0
3465;160,0
3466;160,0
3467;175,0
3468;210,0
3469;210,0
3470;180,0
3471;180,0
3472;140,0
3473;100,0
3474;100,0
3475;100,0
3476;100,0
3477;0,0
3478;0,0
3479;0,0
3480;0,0
3481;0,0
3482;0,0
3483;0,0
3484;0,0
3485;0,0
3486;0,0
3487;0,0
3488;120,0
3489;190,0
3490;190,0
3491;190,0
3492;220,0
3493;220,0
3494;200,0
3495;140,0
3496;80,0
3497;60,0
3498;45,0
3499;0,0
3500;0,0
3501;0,0
3502;0,0
3503;0,0
3504;0,0
3505;0,0
3506;0,0
3507;0,0
3508;0,0
3509;0,0
3510;0,0
3511;60,0
3512;160,0
3513;160,0
3514;190,0
3515;190,0
3516;220,0
3517;220,0
3518;220,0
3519;160,0
3520;150,0
3521;90,0
3522;90,0
3523;90,0
3524;90,0
3525;90,0
3526;75,0
3527;15,0
3528;0,0
3529;0,0
3530;0,0
3531;0,0
3532;0,0
3533;0,0
3534;0,0
3535;0,0
3536;40,0
3537;160,0
3538;190,0
3539;190,0
3540;190,0
3541;190,0
3542;170,0
3543;160,0
3544;120,0
3545;120,0
3546;120,0
3547;105,0
3548;90,0
3549;90,0
3550;90,0
3551;15,0
3552;0,0
3553;0,0
3554;0,0
3555;0,0
3556;0,0
3557;0,0
3558;0,0
3559;40,0
3560;40,0
3561;160,0
3562;160,0
3563;160,0
3564;160,0
3565;160,0
3566;160,0
3567;60,0
3568;0,0
3569;0,0
3570;0,0
3571;0,0
3572;0,0
3573;0,0
3574;0,0
3575;0,0
3576;0,0
3577;0,0
3578;0,0
3579;0,0
3580;0,0
3581;0,0
3582;20,0
3583;80,0
3584;160,0
3585;160,0
3586;160,0
3587;160,0
3588;180,0
3589;180,0
3590;160,0
3591;100,0
3592;40,0
3593;20,0
3594;20,0
3595;20,0
3596;20,0
3597;0,0
3598;0,0
3599;0,0
3600;0,0
3601;0,0
3602;0,0
3603;0,0
3604;0,0
3605;0,0
3606;120,0
3607;160,0
3608;160,0
3609;160,0
3610;160,0
3611;180,0
3612;180,0
3613;160,0
3614;120,0
3615;80,0
3616;20,0
3617;20,0
3618;20,0
3619;20,0
3620;0,0
3621;0,0
3622;0,0
3623;0,0
3624;0,0
3625;0,0
3626;0,0
3627;0,0
3628;0,0
3629;0,0
3630;120,0
3631;160,0
3632;160,0
3633;160,0
3634;160,0
3635;180,0
3636;180,0
3637;180,0
3638;100,0
3639;80,0
3640;60,0
3641;20,0
3642;20,0
3643;20,0
3644;20,0
3645;0,0
3646;0,0
3647;0,0
3648;0,0
3649;0,0
3650;0,0
3651;0,0
3652;0,0
3653;0,0
3654;160,0
3655;160,0
3656;160,0
3657;160,0
3658;160,0
3659;160,0
3660;160,0
3661;120,0
3662;80,0
3663;40,0
3664;0,0
3665;0,0
3666;0,0
3667;0,0
3668;0,0
3669;0,0
3670;0,0
3671;0,0
3672;0,0
3673;0,0
3674;0,0
3675;0,0
3676;0,0
3677;40,0
3678;160,0
3679;160,0
3680;160,0
3681;160,0
3682;160,0
3683;160,0
3684;180,0
3685;160,0
3686;120,0
3687;100,0
3688;40,0
3689;40,0
3690;40,0
3691;40,0
3692;40,0
3693;0,0
3694;0,0
3695;0,0
3696;0,0
3697;0,0
3698;0,0
3699;0,0
3700;0,0
3701;0,0
3702;80,0
3703;80,0
3704;160,0
3705;160,0
3706;160,0
3707;160,0
3708;120,0
3709;100,0
3710;20,0
3711;0,0
3712;0,0
3713;0,0
3714;0,0
3715;0,0
3716;0,0
3717;0,0
3718;0,0
3719;40,0
3720;40,0
3721;40,0
3722;40,0
3723;0,0
3724;0,0
3725;0,0
3726;0,0
3727;40,0
3728;40,0
3729;120,0
3730;120,0
3731;120,0
3732;120,0
3733;140,0
3734;120,0
3735;60,0
3736;40,0
3737;40,0
3738;40,0
3739;20,0
3740;0,0
3741;0,0
3742;0,0
3743;0,0
3744;0,0
3745;0,0
3746;0,0
3747;0,0
3748;0,0
3749;0,0
3750;0,0
3751;0,0
3752;40,0
3753;80,0
3754;120,0
3755;160,0
3756;160,0
3757;160,0
3758;140,0
3759;80,0
3760;40,0
3761;20,0
3762;0,0
3763;0,0
3764;0,0
3765;0,0
3766;0,0
3767;0,0
3768;0,0
3769;0,0
3770;0,0
3771;0,0
3772;0,0
3773;0,0
3774;0,0
3775;120,0
3776;160,0
3777;160,0
3778;160,0
3779;160,0
3780;160,0
3781;160,0
3782;100,0
3783;80,0
3784;20,0
3785;0,0
3786;0,0
3787;0,0
3788;0,0
3789;0,0
3790;0,0
3791;0,0
3792;0,0
3793;0,0
3794;0,0
3795;0,0
3796;0,0
3797;0,0
3798;100,0
3799;160,0
3800;160,0
3801;160,0
3802;160,0
3803;160,0
3804;180,0
3805;180,0
3806;120,0
3807;100,0
3808;40,0
3809;20,0
3810;20,0
3811;20,0
3812;20,0
3813;0,0
3814;0,0
3815;0,0
3816;0,0
3817;0,0
3818;0,0
3819;0,0
3820;0,0
3821;0,0
3822;120,0
3823;160,0
3824;160,0
3825;160,0
3826;160,0
3827;160,0
3828;180,0
3829;180,0
3830;100,0
3831;60,0
3832;40,0
3833;20,0
3834;20,0
3835;20,0
3836;20,0
3837;0,0
3838;0,0
3839;0,0
3840;0,0
3841;0,0
3842;0,0
3843;0,0
3844;0,0
3845;0,0
3846;160,0
3847;160,0
3848;160,0
3849;160,0
3850;160,0
3851;160,0
3852;180,0
3853;120,0
3854;100,0
3855;100,0
3856;40,0
3857;20,0
3858;20,0
3859;20,0
3860;20,0
3861;0,0
3862;0,0
3863;0,0
3864;0,0
3865;0,0
3866;0,0
3867;0,0
3868;0,0
3869;0,0
3870;80,0
3871;120,0
3872;120,0
3873;160,0
3874;160,0
3875;160,0
3876;140,0
3877;60,0
3878;40,0
3879;20,0
3880;0,0
3881;0,0
3882;0,0
3883;0,0
3884;0,0
3885;0,0
3886;0,0
3887;0,0
3888;0,0
3889;40,0
3890;40,0
3891;40,0
3892;20,0
3893;0,0
3894;0,0
3895;0,0
3896;40,0
3897;120,0
3898;120,0
3899;120,0
3900;120,0
3901;160,0
3902;140,0
3903;80,0
3904;40,0
3905;40,0
3906;40,0
3907;40,0
3908;0,0
3909;0,0
3910;0,0
3911;0,0
3912;0,0
3913;0,0
3914;0,0
3915;0,0
3916;0,0
3917;0,0
3918;0,0
3919;80,0
3920;80,0
3921;160,0
3922;160,0
3923;160,0
3924;175,0
3925;190,0
3926;170,0
3927;130,0
3928;70,0
3929;50,0
3930;30,0
3931;0,0
3932;0,0
3933;0,0
3934;0,0
3935;0,0
3936;0,0
3937;0,0
3938;0,0
3939;0,0
3940;0,0
3941;0,0
3942;80,0
3943;160,0
3944;160,0
3945;160,0
3946;160,0
3947;180,0
3948;180,0
3949;180,0
3950;120,0
3951;120,0
3952;60,0
3953;40,0
3954;40,0
3955;40,0
3956;40,0
3957;0,0
3958;0,0
3959;0,0
3960;0,0
3961;0,0
3962;0,0
3963;0,0
3964;0,0
3965;0,0
3966;140,0
3967;160,0
3968;160,0
3969;160,0
3970;160,0
3971;160,0
3972;160,0
3973;140,0
3974;80,0
3975;40,0
3976;0,0
3977;0,0
3978;0,0
3979;0,0
3980;0,0
3981;0,0
3982;0,0
3983;0,0
3984;0,0
3985;0,0
3986;0,0
3987;0,0
3988;0,0
3989;0,0
3990;0,0
3991;80,0
3992;160,0
3993;160,0
3994;160,0
3995;160,0
3996;160,0
3997;160,0
3998;100,0
3999;20,0
4000;0,0
4001;0,0
4002;0,0
4003;0,0
4004;0,0
4005;0,0
4006;0,0
4007;0,0
4008;0,0
4009;0,0
4010;0,0
4011;0,0
4012;0,0
4013;0,0
4014;60,0
4015;80,0
4016;160,0
4017;160,0
4018;160,0
4019;160,0
4020;180,0
4021;180,0
4022;180,0
4023;100,0
4024;20,0
4025;20,0
4026;20,0
4027;20,0
4028;20,0
4029;0,0
4030;0,0
4031;0,0
4032;0,0
4033;0,0
4034;0,0
4035;0,0
4036;0,0
4037;40,0
4038;40,0
4039;40,0
4040;80,0
4041;160,0
4042;160,0
4043;140,0
4044;120,0
4045;120,0
4046;80,0
4047;15,0
4048;30,0
4049;30,0
4050;30,0
4051;70,0
4052;70,0
4053;40,0
4054;40,0
4055;20,0
4056;0,0
4057;0,0
4058;0,0
4059;0,0
4060;0,0
4061;0,0
4062;0,0
4063;0,0
4064;0,0
4065;120,0
4066;120,0
4067;120,0
4068;160,0
4069;160,0
4070;160,0
4071;115,0
4072;70,0
4073;100,0
4074;80,0
4075;75,0
4076;90,0
4077;90,0
4078;90,0
4079;60,0
4080;45,0
4081;15,0
4082;0,0
4083;0,0
4084;0,0
4085;0,0
4086;0,0
4087;20,0
4088;160,0
4089;160,0
4090;160,0
4091;160,0
4092;180,0
4093;205,0
4094;185,0
4095;215,0
4096;195,0
4097;155,0
4098;135,0
4099;135,0
4100;135,0
4101;90,0
4102;90,0
4103;75,0
4104;30,0
4105;0,0
4106;0,0
4107;0,0
4108;0,0
4109;0,0
4110;40,0
4111;160,0
4112;160,0
4113;160,0
4114;160,0
4115;160,0
4116;180,0
4117;160,0
4118;120,0
4119;100,0
4120;150,0
4121;110,0
4122;110,0
4123;110,0
4124;110,0
4125;90,0
4126;90,0
4127;75,0
4128;15,0
4129;0,0
4130;0,0
4131;0,0
4132;0,0
4133;0,0
4134;80,0
4135;160,0
4136;160,0
4137;160,0
4138;160,0
4139;160,0
4140;160,0
4141;190,0
4142;110,0
4143;110,0
4144;120,0
4145;120,0
4146;120,0
4147;120,0
4148;120,0
4149;120,0
4150;90,0
4151;90,0
4152;30,0
4153;0,0
4154;0,0
4155;0,0
4156;0,0
4157;0,0
4158;120,0
4159;160,0
4160;160,0
4161;160,0
4162;160,0
4163;160,0
4164;160,0
4165;160,0
4166;145,0
4167;145,0
4168;85,0
4169;140,0
4170;155,0
4171;155,0
4172;155,0
4173;90,0
4174;90,0
4175;45,0
4176;0,0
4177;40,0
4178;40,0
4179;40,0
4180;20,0
4181;0,0
4182;100,0
4183;120,0
4184;120,0
4185;120,0
4186;120,0
4187;120,0
4188;140,0
4189;140,0
4190;120,0
4191;150,0
4192;90,0
4193;70,0
4194;50,0
4195;30,0
4196;30,0
4197;15,0
4198;0,0
4199;0,0
4200;0,0
4201;0,0
4202;0,0
4203;0,0
4204;0,0
4205;0,0
4206;40,0
4207;40,0
4208;120,0
4209;150,0
4210;210,0
4211;210,0
4212;230,0
4213;210,0
4214;190,0
4215;150,0
4216;110,0
4217;90,0
4218;90,0
4219;90,0
4220;90,0
4221;60,0
4222;45,0
4223;0,0
4224;0,0
4225;0,0
4226;0,0
4227;0,0
4228;0,0
4229;0,0
4230;0,0
4231;40,0
4232;80,0
4233;120,0
4234;160,0
4235;160,0
4236;160,0
4237;160,0
4238;140,0
4239;80,0
4240;30,0
4241;30,0
4242;30,0
4243;30,0
4244;30,0
4245;30,0
4246;0,0
4247;0,0
4248;0,0
4249;0,0
4250;0,0
4251;0,0
4252;0,0
4253;0,0
4254;40,0
4255;100,0
4256;160,0
4257;160,0
4258;160,0
4259;180,0
4260;180,0
4261;180,0
4262;140,0
4263;80,0
4264;70,0
4265;50,0
4266;80,0
4267;80,0
4268;80,0
4269;60,0
4270;45,0
4271;0,0
4272;0,0
4273;0,0
4274;0,0
4275;0,0
4276;0,0
4277;40,0
4278;80,0
4279;160,0
4280;160,0
4281;160,0
4282;160,0
4283;160,0
4284;180,0
4285;160,0
4286;120,0
4287;80,0
4288;60,0
4289;20,0
4290;20,0
4291;50,0
4292;50,0
4293;30,0
4294;30,0
4295;30,0
4296;0,0
4297;0,0
4298;0,0
4299;0,0
4300;0,0
4301;40,0
4302;80,0
4303;160,0
4304;160,0
4305;160,0
4306;160,0
4307;160,0
4308;180,0
4309;180,0
4310;100,0
4311;60,0
4312;20,0
4313;20,0
4314;20,0
4315;20,0
4316;20,0
4317;0,0
4318;0,0
4319;40,0
4320;40,0
4321;40,0
4322;20,0
4323;0,0
4324;0,0
4325;0,0
4326;100,0
4327;120,0
4328;120,0
4329;120,0
4330;140,0
4331;160,0
4332;160,0
4333;120,0
4334;80,0
4335;80,0
4336;40,0
4337;40,0
4338;40,0
4339;20,0
4340;0,0
4341;0,0
4342;0,0
4343;0,0
4344;0,0
4345;0,0
4346;0,0
4347;0,0
4348;0,0
4349;0,0
4350;120,0
4351;120,0
4352;160,0
4353;160,0
4354;160,0
4355;160,0
4356;180,0
4357;160,0
4358;120,0
4359;80,0
4360;60,0
4361;40,0
4362;70,0
4363;70,0
4364;70,0
4365;30,0
4366;30,0
4367;15,0
4368;0,0
4369;0,0
4370;0,0
4371;0,0
4372;0,0
4373;0,0
4374;40,0
4375;120,0
4376;160,0
4377;160,0
4378;160,0
4379;160,0
4380;120,0
4381;100,0
4382;40,0
4383;0,0
4384;55,0
4385;85,0
4386;85,0
4387;85,0
4388;85,0
4389;100,0
4390;90,0
4391;45,0
4392;30,0
4393;30,0
4394;15,0
4395;0,0
4396;0,0
4397;0,0
4398;40,0
4399;120,0
4400;120,0
4401;120,0
4402;160,0
4403;160,0
4404;160,0
4405;120,0
4406;60,0
4407;20,0
4408;0,0
4409;0,0
4410;0,0
4411;0,0
4412;0,0
4413;0,0
4414;0,0
4415;0,0
4416;0,0
4417;0,0
4418;0,0
4419;0,0
4420;0,0
4421;0,0
4422;120,0
4423;120,0
4424;160,0
4425;160,0
4426;160,0
4427;160,0
4428;160,0
4429;140,0
4430;100,0
4431;80,0
4432;0,0
4433;0,0
4434;0,0
4435;0,0
4436;0,0
4437;0,0
4438;0,0
4439;0,0
4440;0,0
4441;0,0
4442;0,0
4443;0,0
4444;0,0
4445;0,0
4446;120,0
4447;160,0
4448;160,0
4449;160,0
4450;160,0
4451;160,0
4452;160,0
4453;140,0
4454;100,0
4455;100,0
4456;100,0
4457;20,0
4458;20,0
4459;20,0
4460;20,0
4461;20,0
4462;0,0
4463;0,0
4464;0,0
4465;0,0
4466;40,0
4467;40,0
4468;40,0
4469;20,0
4470;80,0
4471;120,0
4472;120,0
4473;120,0
4474;120,0
4475;120,0
4476;160,0
4477;180,0
4478;140,0
4479;140,0
4480;60,0
4481;60,0
4482;40,0
4483;20,0
4484;20,0
4485;0,0
4486;0,0
4487;0,0
4488;0,0
4489;0,0
4490;0,0
4491;0,0
4492;0,0
4493;0,0
4494;120,0
4495;120,0
4496;120,0
4497;120,0
4498;155,0
4499;190,0
4500;190,0
4501;210,0
4502;170,0
4503;130,0
4504;80,0
4505;20,0
4506;20,0
4507;20,0
4508;20,0
4509;20,0
4510;0,0
4511;0,0
4512;0,0
4513;0,0
4514;0,0
4515;0,0
4516;0,0
4517;0,0
4518;120,0
4519;120,0
4520;160,0
4521;160,0
4522;160,0
4523;160,0
4524;160,0
4525;140,0
4526;100,0
4527;110,0
4528;100,0
4529;60,0
4530;60,0
4531;60,0
4532;60,0
4533;60,0
4534;30,0
4535;0,0
4536;0,0
4537;0,0
4538;0,0
4539;0,0
4540;0,0
4541;0,0
4542;40,0
4543;80,0
4544;110,0
4545;190,0
4546;190,0
4547;190,0
4548;180,0
4549;240,0
4550;220,0
4551;140,0
4552;120,0
4553;120,0
4554;120,0
4555;120,0
4556;120,0
4557;90,0
4558;90,0
4559;60,0
4560;30,0
4561;15,0
4562;0,0
4563;0,0
4564;0,0
4565;0,0
4566;0,0
4567;80,0
4568;80,0
4569;120,0
4570;160,0
4571;160,0
4572;185,0
4573;165,0
4574;235,0
4575;195,0
4576;145,0
4577;145,0
4578;145,0
4579;145,0
4580;120,0
4581;120,0
4582;120,0
4583;60,0
4584;0,0
4585;0,0
4586;0,0
4587;0,0
4588;0,0
4589;0,0
4590;80,0
4591;120,0
4592;120,0
4593;160,0
4594;160,0
4595;160,0
4596;180,0
4597;180,0
4598;160,0
4599;140,0
4600;40,0
4601;130,0
4602;130,0
4603;130,0
4604;130,0
4605;90,0
4606;90,0
4607;75,0
4608;0,0
4609;0,0
4610;0,0
4611;0,0
4612;0,0
4613;0,0
4614;100,0
4615;160,0
4616;160,0
4617;160,0
4618;160,0
4619;160,0
4620;160,0
4621;160,0
4622;80,0
4623;110,0
4624;50,0
4625;90,0
4626;120,0
4627;120,0
4628;120,0
4629;120,0
4630;105,0
4631;75,0
4632;15,0
4633;0,0
4634;0,0
4635;0,0
4636;0,0
4637;0,0
4638;120,0
4639;160,0
4640;160,0
4641;160,0
4642;160,0
4643;160,0
4644;180,0
4645;180,0
4646;120,0
4647;60,0
4648;40,0
4649;20,0
4650;60,0
4651;120,0
4652;135,0
4653;115,0
4654;115,0
4655;115,0
4656;30,0
4657;0,0
4658;0,0
4659;0,0
4660;0,0
4661;0,0
4662;120,0
4663;160,0
4664;160,0
4665;160,0
4666;160,0
4667;160,0
4668;180,0
4669;180,0
4670;100,0
4671;100,0
4672;40,0
4673;20,0
4674;20,0
4675;20,0
4676;0,0
4677;0,0
4678;0,0
4679;0,0
4680;0,0
4681;0,0
4682;0,0
4683;0,0
4684;0,0
4685;0,0
4686;120,0
4687;160,0
4688;160,0
4689;160,0
4690;160,0
4691;160,0
4692;180,0
4693;120,0
4694;100,0
4695;100,0
4696;80,0
4697;20,0
4698;20,0
4699;20,0
4700;20,0
4701;20,0
4702;0,0
4703;0,0
4704;0,0
4705;0,0
4706;0,0
4707;0,0
4708;0,0
4709;0,0
4710;40,0
4711;80,0
4712;120,0
4713;160,0
4714;160,0
4715;160,0
4716;120,0
4717;80,0
4718;80,0
4719;40,0
4720;0,0
4721;0,0
4722;0,0
4723;0,0
4724;0,0
4725;0,0
4726;0,0
4727;0,0
4728;0,0
4729;0,0
4730;0,0
4731;0,0
4732;0,0
4733;0,0
4734;0,0
4735;80,0
4736;80,0
4737;160,0
4738;160,0
4739;160,0
4740;160,0
4741;140,0
4742;120,0
4743;60,0
4744;0,0
4745;0,0
4746;0,0
4747;0,0
4748;0,0
4749;0,0
4750;0,0
4751;0,0
4752;0,0
4753;0,0
4754;0,0
4755;0,0
4756;0,0
4757;0,0
4758;60,0
4759;120,0
4760;120,0
4761;160,0
4762;160,0
4763;160,0
4764;160,0
4765;140,0
4766;120,0
4767;130,0
4768;50,0
4769;30,0
4770;30,0
4771;30,0
4772;30,0
4773;30,0
4774;30,0
4775;0,0
4776;0,0
4777;0,0
4778;0,0
4779;0,0
4780;0,0
4781;0,0
4782;100,0
4783;160,0
4784;160,0
4785;160,0
4786;160,0
4787;180,0
4788;240,0
4789;260,0
4790;180,0
4791;180,0
4792;130,0
4793;130,0
4794;130,0
4795;130,0
4796;110,0
4797;110,0
4798;75,0
4799;30,0
4800;0,0
4801;0,0
4802;0,0
4803;0,0
4804;0,0
4805;0,0
4806;140,0
4807;160,0
4808;160,0
4809;160,0
4810;160,0
4811;160,0
4812;160,0
4813;140,0
4814;80,0
4815;40,0
4816;40,0
4817;0,0
4818;0,0
4819;0,0
4820;0,0
4821;0,0
4822;0,0
4823;0,0
4824;0,0
4825;0,0
4826;0,0
4827;0,0
4828;0,0
4829;0,0
4830;160,0
4831;160,0
4832;160,0
4833;160,0
4834;160,0
4835;160,0
4836;205,0
4837;245,0
4838;245,0
4839;225,0
4840;185,0
4841;165,0
4842;165,0
4843;165,0
4844;140,0
4845;120,0
4846;120,0
4847;105,0
4848;45,0
4849;0,0
4850;0,0
4851;0,0
4852;0,0
4853;40,0
4854;120,0
4855;160,0
4856;160,0
4857;160,0
4858;160,0
4859;160,0
4860;180,0
4861;205,0
4862;230,0
4863;210,0
4864;170,0
4865;150,0
4866;180,0
4867;140,0
4868;120,0
4869;120,0
4870;105,0
4871;30,0
4872;0,0
4873;0,0
4874;0,0
4875;0,0
4876;0,0
4877;0,0
4878;80,0
4879;120,0
4880;120,0
4881;160,0
4882;160,0
4883;140,0
4884;120,0
4885;60,0
4886;40,0
4887;35,0
4888;60,0
4889;90,0
4890;90,0
4891;90,0
4892;90,0
4893;90,0
4894;130,0
4895;125,0
4896;80,0
4897;60,0
4898;40,0
4899;0,0
4900;0,0
4901;0,0
4902;0,0
4903;0,0
4904;0,0
4905;80,0
4906;80,0
4907;80,0
4908;80,0
4909;175,0
4910;215,0
4911;175,0
4912;135,0
4913;135,0
4914;165,0
4915;185,0
4916;120,0
4917;90,0
4918;90,0
4919;75,0
4920;30,0
4921;0,0
4922;0,0
4923;0,0
4924;0,0
4925;0,0
4926;0,0
4927;40,0
4928;60,0
4929;120,0
4930;120,0
4931;160,0
4932;180,0
4933;180,0
4934;180,0
4935;140,0
4936;100,0
4937;80,0
4938;40,0
4939;20,0
4940;20,0
4941;0,0
4942;0,0
4943;0,0
4944;0,0
4945;0,0
4946;0,0
4947;0,0
4948;0,0
4949;0,0
4950;40,0
4951;100,0
4952;160,0
4953;160,0
4954;160,0
4955;160,0
4956;160,0
4957;160,0
4958;120,0
4959;40,0
4960;20,0
4961;0,0
4962;0,0
4963;0,0
4964;0,0
4965;0,0
4966;0,0
4967;0,0
4968;0,0
4969;0,0
4970;0,0
4971;0,0
4972;0,0
4973;0,0
4974;120,0
4975;160,0
4976;160,0
4977;160,0
4978;160,0
4979;200,0
4980;180,0
4981;160,0
4982;140,0
4983;120,0
4984;80,0
4985;40,0
4986;40,0
4987;40,0
4988;20,0
4989;0,0
4990;0,0
4991;0,0
4992;0,0
4993;40,0
4994;40,0
4995;40,0
4996;20,0
4997;0,0
4998;80,0
4999;120,0
5000;120,0
5001;120,0
5002;120,0
5003;120,0
5004;140,0
5005;160,0
5006;120,0
5007;120,0
5008;80,0
5009;40,0
5010;20,0
5011;0,0
5012;0,0
5013;0,0
5014;0,0
5015;0,0
5016;0,0
5017;0,0
5018;0,0
5019;0,0
5020;0,0
5021;0,0
5022;80,0
5023;120,0
5024;120,0
5025;120,0
5026;140,0
5027;160,0
5028;180,0
5029;160,0
5030;140,0
5031;140,0
5032;80,0
5033;20,0
5034;20,0
5035;20,0
5036;20,0
5037;15,0
5038;30,0
5039;30,0
5040;30,0
5041;30,0
5042;15,0
5043;0,0
5044;0,0
5045;0,0
5046;80,0
5047;80,0
5048;80,0
5049;120,0
5050;160,0
5051;140,0
5052;120,0
5053;100,0
5054;80,0
5055;40,0
5056;0,0
5057;0,0
5058;0,0
5059;0,0
5060;0,0
5061;0,0
5062;40,0
5063;40,0
5064;40,0
5065;60,0
5066;40,0
5067;40,0
5068;20,0
5069;0,0
5070;0,0
5071;0,0
5072;0,0
5073;40,0
5074;40,0
5075;80,0
5076;80,0
5077;120,0
5078;160,0
5079;140,0
5080;100,0
5081;80,0
5082;80,0
5083;60,0
5084;0,0
5085;0,0
5086;0,0
5087;0,0
5088;0,0
5089;0,0
5090;0,0
5091;0,0
5092;0,0
5093;0,0
5094;0,0
5095;40,0
5096;60,0
5097;120,0
5098;120,0
5099;160,0
5100;180,0
5101;180,0
5102;180,0
5103;140,0
5104;130,0
5105;90,0
5106;50,0
5107;50,0
5108;30,0
5109;15,0
5110;0,0
5111;0,0
5112;0,0
5113;0,0
5114;0,0
5115;0,0
5116;0,0
5117;0,0
5118;60,0
5119;120,0
5120;160,0
5121;160,0
5122;160,0
5123;160,0
5124;180,0
5125;180,0
5126;140,0
5127;80,0
5128;40,0
5129;20,0
5130;20,0
5131;20,0
5132;20,0
5133;0,0
5134;0,0
5135;0,0
5136;0,0
5137;0,0
5138;0,0
5139;0,0
5140;0,0
5141;0,0
5142;120,0
5143;160,0
5144;160,0
5145;160,0
5146;160,0
5147;160,0
5148;160,0
5149;120,0
5150;100,0
5151;60,0
5152;0,0
5153;0,0
5154;0,0
5155;0,0
5156;0,0
5157;0,0
5158;0,0
5159;0,0
5160;0,0
5161;0,0
5162;0,0
5163;0,0
5164;0,0
5165;0,0
5166;160,0
5167;160,0
5168;160,0
5169;160,0
5170;160,0
5171;180,0
5172;200,0
5173;160,0
5174;120,0
5175;100,0
5176;60,0
5177;40,0
5178;40,0
5179;40,0
5180;20,0
5181;0,0
5182;0,0
5183;0,0
5184;0,0
5185;0,0
5186;0,0
5187;0,0
5188;0,0
5189;40,0
5190;160,0
5191;160,0
5192;160,0
5193;160,0
5194;160,0
5195;160,0
5196;140,0
5197;100,0
5198;80,0
5199;80,0
5200;20,0
5201;0,0
5202;0,0
5203;0,0
5204;0,0
5205;0,0
5206;0,0
5207;40,0
5208;40,0
5209;40,0
5210;40,0
5211;0,0
5212;0,0
5213;0,0
5214;0,0
5215;40,0
5216;120,0
5217;120,0
5218;120,0
5219;120,0
5220;120,0
5221;120,0
5222;40,0
5223;0,0
5224;0,0
5225;40,0
5226;40,0
5227;40,0
5228;40,0
5229;40,0
5230;20,0
5231;0,0
5232;0,0
5233;0,0
5234;0,0
5235;0,0
5236;0,0
5237;0,0
5238;40,0
5239;40,0
5240;40,0
5241;120,0
5242;120,0
5243;120,0
5244;120,0
5245;120,0
5246;140,0
5247;60,0
5248;40,0
5249;40,0
5250;40,0
5251;20,0
5252;0,0
5253;0,0
5254;0,0
5255;0,0
5256;0,0
5257;0,0
5258;0,0
5259;0,0
5260;0,0
5261;0,0
5262;40,0
5263;80,0
5264;120,0
5265;120,0
5266;120,0
5267;180,0
5268;180,0
5269;180,0
5270;160,0
5271;140,0
5272;80,0
5273;40,0
5274;20,0
5275;20,0
5276;20,0
5277;0,0
5278;0,0
5279;0,0
5280;0,0
5281;0,0
5282;0,0
5283;0,0
5284;0,0
5285;0,0
5286;40,0
5287;120,0
5288;160,0
5289;160,0
5290;160,0
5291;160,0
5292;180,0
5293;180,0
5294;140,0
5295;100,0
5296;60,0
5297;20,0
5298;20,0
5299;20,0
5300;0,0
5301;0,0
5302;0,0
5303;0,0
5304;0,0
5305;0,0
5306;0,0
5307;0,0
5308;0,0
5309;0,0
5310;80,0
5311;160,0
5312;160,0
5313;160,0
5314;160,0
5315;160,0
5316;180,0
5317;140,0
5318;135,0
5319;130,0
5320;90,0
5321;50,0
5322;50,0
5323;50,0
5324;20,0
5325;0,0
5326;0,0
5327;0,0
5328;0,0
5329;0,0
5330;0,0
5331;0,0
5332;0,0
5333;0,0
5334;120,0
5335;160,0
5336;160,0
5337;160,0
5338;160,0
5339;160,0
5340;160,0
5341;120,0
5342;80,0
5343;80,0
5344;40,0
5345;0,0
5346;0,0
5347;0,0
5348;0,0
5349;0,0
5350;0,0
5351;0,0
5352;0,0
5353;0,0
5354;0,0
5355;0,0
5356;0,0
5357;40,0
5358;120,0
5359;160,0
5360;160,0
5361;160,0
5362;160,0
5363;180,0
5364;180,0
5365;140,0
5366;120,0
5367;120,0
5368;80,0
5369;40,0
5370;40,0
5371;40,0
5372;20,0
5373;0,0
5374;0,0
5375;40,0
5376;40,0
5377;40,0
5378;40,0
5379;0,0
5380;0,0
5381;0,0
5382;0,0
5383;0,0
5384;120,0
5385;120,0
5386;120,0
5387;120,0
5388;120,0
5389;120,0
5390;60,0
5391;40,0
5392;0,0
5393;40,0
5394;40,0
5395;40,0
5396;40,0
5397;55,0
5398;50,0
5399;30,0
5400;30,0
5401;30,0
5402;15,0
5403;0,0
5404;0,0
5405;0,0
5406;0,0
5407;0,0
5408;40,0
5409;120,0
5410;120,0
5411;120,0
5412;120,0
5413;120,0
5414;160,0
5415;100,0
5416;40,0
5417;55,0
5418;70,0
5419;50,0
5420;60,0
5421;60,0
5422;60,0
5423;30,0
5424;30,0
5425;0,0
5426;0,0
5427;0,0
5428;0,0
5429;0,0
5430;0,0
5431;0,0
5432;40,0
5433;80,0
5434;120,0
5435;120,0
5436;120,0
5437;160,0
5438;160,0
5439;120,0
5440;40,0
5441;40,0
5442;0,0
5443;0,0
5444;0,0
5445;0,0
5446;0,0
5447;0,0
5448;0,0
5449;0,0
5450;0,0
5451;0,0
5452;0,0
5453;0,0
5454;40,0
5455;80,0
5456;120,0
5457;140,0
5458;160,0
5459;160,0
5460;160,0
5461;175,0
5462;170,0
5463;175,0
5464;110,0
5465;90,0
5466;90,0
5467;90,0
5468;90,0
5469;30,0
5470;0,0
5471;0,0
5472;0,0
5473;0,0
5474;0,0
5475;0,0
5476;0,0
5477;40,0
5478;80,0
5479;140,0
5480;160,0
5481;160,0
5482;160,0
5483;160,0
5484;180,0
5485;180,0
5486;140,0
5487;40,0
5488;20,0
5489;20,0
5490;110,0
5491;110,0
5492;110,0
5493;115,0
5494;115,0
5495;100,0
5496;25,0
5497;25,0
5498;25,0
5499;0,0
5500;0,0
5501;0,0
5502;120,0
5503;160,0
5504;160,0
5505;160,0
5506;160,0
5507;160,0
5508;180,0
5509;160,0
5510;100,0
5511;190,0
5512;170,0
5513;130,0
5514;110,0
5515;110,0
5516;90,0
5517;90,0
5518;90,0
5519;60,0
5520;15,0
5521;0,0
5522;0,0
5523;0,0
5524;0,0
5525;40,0
5526;80,0
5527;160,0
5528;160,0
5529;160,0
5530;160,0
5531;210,0
5532;170,0
5533;130,0
5534;220,0
5535;220,0
5536;180,0
5537;140,0
5538;140,0
5539;140,0
5540;140,0
5541;120,0
5542;155,0
5543;140,0
5544;110,0
5545;105,0
5546;65,0
5547;65,0
5548;20,0
5549;0,0
5550;0,0
5551;40,0
5552;40,0
5553;80,0
5554;80,0
5555;80,0
5556;80,0
5557;80,0
5558;150,0
5559;110,0
5560;90,0
5561;185,0
5562;200,0
5563;200,0
5564;200,0
5565;200,0
5566;145,0
5567;60,0
5568;15,0
5569;0,0
5570;0,0
5571;0,0
5572;0,0
5573;0,0
5574;40,0
5575;40,0
5576;40,0
5577;80,0
5578;80,0
5579;80,0
5580;80,0
5581;80,0
5582;100,0
5583;60,0
5584;95,0
5585;170,0
5586;170,0
5587;150,0
5588;130,0
5589;90,0
5590;60,0
5591;0,0
5592;0,0
5593;0,0
5594;0,0
5595;0,0
5596;0,0
5597;0,0
5598;40,0
5599;80,0
5600;80,0
5601;80,0
5602;80,0
5603;120,0
5604;160,0
5605;160,0
5606;160,0
5607;160,0
5608;80,0
5609;60,0
5610;20,0
5611;0,0
5612;0,0
5613;0,0
5614;0,0
5615;0,0
5616;0,0
5617;0,0
5618;0,0
5619;0,0
5620;0,0
5621;0,0
5622;80,0
5623;80,0
5624;120,0
5625;120,0
5626;140,0
5627;180,0
5628;200,0
5629;200,0
5630;200,0
5631;120,0
5632;120,0
5633;40,0
5634;40,0
5635;40,0
5636;20,0
5637;0,0
5638;0,0
5639;0,0
5640;0,0
5641;0,0
5642;0,0
5643;0,0
5644;0,0
5645;0,0
5646;80,0
5647;120,0
5648;140,0
5649;160,0
5650;160,0
5651;160,0
5652;160,0
5653;160,0
5654;140,0
5655;80,0
5656;20,0
5657;0,0
5658;0,0
5659;0,0
5660;0,0
5661;0,0
5662;0,0
5663;0,0
5664;0,0
5665;0,0
5666;0,0
5667;0,0
5668;0,0
5669;0,0
5670;80,0
5671;160,0
5672;160,0
5673;160,0
5674;160,0
5675;160,0
5676;210,0
5677;190,0
5678;130,0
5679;190,0
5680;175,0
5681;135,0
5682;135,0
5683;165,0
5684;165,0
5685;145,0
5686;115,0
5687;45,0
5688;15,0
5689;0,0
5690;0,0
5691;0,0
5692;0,0
5693;40,0
5694;120,0
5695;160,0
5696;160,0
5697;160,0
5698;160,0
5699;160,0
5700;160,0
5701;100,0
5702;100,0
5703;100,0
5704;60,0
5705;50,0
5706;110,0
5707;110,0
5708;90,0
5709;90,0
5710;90,0
5711;85,0
5712;40,0
5713;40,0
5714;40,0
5715;0,0
5716;0,0
5717;0,0
5718;0,0
5719;80,0
5720;80,0
5721;120,0
5722;120,0
5723;120,0
5724;120,0
5725;80,0
5726;90,0
5727;50,0
5728;120,0
5729;160,0
5730;160,0
5731;160,0
5732;160,0
5733;160,0
5734;95,0
5735;0,0
5736;0,0
5737;0,0
5738;0,0
5739;0,0
5740;0,0
5741;0,0
5742;0,0
5743;40,0
5744;40,0
5745;120,0
5746;120,0
5747;120,0
5748;120,0
5749;120,0
5750;160,0
5751;100,0
5752;40,0
5753;85,0
5754;100,0
5755;80,0
5756;90,0
5757;90,0
5758;75,0
5759;45,0
5760;30,0
5761;0,0
5762;0,0
5763;0,0
5764;0,0
5765;0,0
5766;40,0
5767;80,0
5768;80,0
5769;120,0
5770;120,0
5771;140,0
5772;180,0
5773;180,0
5774;205,0
5775;185,0
5776;85,0
5777;115,0
5778;95,0
5779;75,0
5780;50,0
5781;50,0
5782;15,0
5783;0,0
5784;0,0
5785;0,0
5786;0,0
5787;0,0
5788;0,0
5789;0,0
5790;80,0
5791;135,0
5792;150,0
5793;170,0
5794;250,0
5795;250,0
5796;250,0
5797;250,0
5798;210,0
5799;155,0
5800;100,0
5801;30,0
5802;0,0
5803;0,0
5804;0,0
5805;0,0
5806;0,0
5807;0,0
5808;0,0
5809;0,0
5810;0,0
5811;0,0
5812;0,0
5813;0,0
5814;120,0
5815;140,0
5816;160,0
5817;160,0
5818;160,0
5819;180,0
5820;160,0
5821;160,0
5822;140,0
5823;120,0
5824;80,0
5825;40,0
5826;85,0
5827;100,0
5828;110,0
5829;140,0
5830;120,0
5831;120,0
5832;90,0
5833;45,0
5834;40,0
5835;40,0
5836;40,0
5837;20,0
5838;80,0
5839;120,0
5840;120,0
5841;120,0
5842;120,0
5843;120,0
5844;140,0
5845;140,0
5846;120,0
5847;120,0
5848;90,0
5849;100,0
5850;80,0
5851;60,0
5852;60,0
5853;60,0
5854;15,0
5855;0,0
5856;0,0
5857;0,0
5858;0,0
5859;0,0
5860;0,0
5861;40,0
5862;80,0
5863;120,0
5864;120,0
5865;120,0
5866;140,0
5867;190,0
5868;190,0
5869;170,0
5870;170,0
5871;170,0
5872;180,0
5873;80,0
5874;140,0
5875;140,0
5876;140,0
5877;90,0
5878;60,0
5879;70,0
5880;40,0
5881;40,0
5882;40,0
5883;0,0
5884;0,0
5885;0,0
5886;0,0
5887;0,0
5888;80,0
5889;80,0
5890;120,0
5891;120,0
5892;120,0
5893;120,0
5894;100,0
5895;40,0
5896;75,0
5897;130,0
5898;130,0
5899;130,0
5900;130,0
5901;130,0
5902;35,0
5903;0,0
5904;0,0
5905;0,0
5906;0,0
5907;0,0
5908;0,0
5909;0,0
5910;0,0
5911;40,0
5912;40,0
5913;80,0
5914;80,0
5915;120,0
5916;150,0
5917;175,0
5918;175,0
5919;220,0
5920;205,0
5921;185,0
5922;185,0
5923;185,0
5924;110,0
5925;90,0
5926;30,0
5927;0,0
5928;0,0
5929;0,0
5930;0,0
5931;0,0
5932;0,0
5933;0,0
5934;20,0
5935;80,0
5936;100,0
5937;120,0
5938;120,0
5939;140,0
5940;180,0
5941;180,0
5942;180,0
5943;140,0
5944;80,0
5945;60,0
5946;40,0
5947;20,0
5948;0,0
5949;0,0
5950;0,0
5951;0,0
5952;0,0
5953;0,0
5954;0,0
5955;0,0
5956;0,0
5957;0,0
5958;80,0
5959;120,0
5960;120,0
5961;140,0
5962;190,0
5963;220,0
5964;270,0
5965;270,0
5966;230,0
5967;210,0
5968;130,0
5969;95,0
5970;50,0
5971;20,0
5972;20,0
5973;0,0
5974;0,0
5975;0,0
5976;0,0
5977;0,0
5978;0,0
5979;0,0
5980;0,0
5981;0,0
5982;120,0
5983;140,0
5984;160,0
5985;160,0
5986;160,0
5987;160,0
5988;160,0
5989;120,0
5990;100,0
5991;60,0
5992;40,0
5993;0,0
5994;0,0
5995;0,0
5996;0,0
5997;0,0
5998;0,0
5999;0,0
6000;0,0
6001;0,0
6002;0,0
6003;0,0
6004;0,0
6005;0,0
6006;160,0
6007;160,0
6008;160,0
6009;160,0
6010;160,0
6011;180,0
6012;200,0
6013;160,0
6014;120,0
6015;80,0
6016;40,0
6017;40,0
6018;40,0
6019;40,0
6020;20,0
6021;20,0
6022;0,0
6023;0,0
6024;0,0
6025;0,0
6026;0,0
6027;0,0
6028;0,0
6029;80,0
6030;160,0
6031;160,0
6032;160,0
6033;160,0
6034;160,0
6035;160,0
6036;140,0
6037;100,0
6038;80,0
6039;60,0
6040;0,0
6041;0,0
6042;0,0
6043;0,0
6044;0,0
6045;0,0
6046;0,0
6047;40,0
6048;40,0
6049;40,0
6050;20,0
6051;0,0
6052;0,0
6053;0,0
6054;40,0
6055;40,0
6056;120,0
6057;120,0
6058;120,0
6059;120,0
6060;120,0
6061;100,0
6062;20,0
6063;40,0
6064;40,0
6065;40,0
6066;40,0
6067;40,0
6068;20,0
6069;0,0
6070;0,0
6071;40,0
6072;40,0
6073;40,0
6074;40,0
6075;0,0
6076;0,0
6077;0,0
6078;0,0
6079;0,0
6080;0,0
6081;40,0
6082;80,0
6083;80,0
6084;80,0
6085;160,0
6086;160,0
6087;140,0
6088;80,0
6089;80,0
6090;60,0
6091;20,0
6092;0,0
6093;0,0
6094;0,0
6095;0,0
6096;0,0
6097;0,0
6098;0,0
6099;0,0
6100;0,0
6101;0,0
6102;0,0
6103;40,0
6104;120,0
6105;160,0
6106;180,0
6107;160,0
6108;160,0
6109;180,0
6110;160,0
6111;140,0
6112;120,0
6113;80,0
6114;40,0
6115;20,0
6116;20,0
6117;20,0
6118;0,0
6119;0,0
6120;0,0
6121;0,0
6122;0,0
6123;0,0
6124;0,0
6125;0,0
6126;0,0
6127;100,0
6128;160,0
6129;160,0
6130;160,0
6131;160,0
6132;180,0
6133;180,0
6134;120,0
6135;100,0
6136;60,0
6137;20,0
6138;20,0
6139;20,0
6140;0,0
6141;0,0
6142;40,0
6143;40,0
6144;40,0
6145;40,0
6146;40,0
6147;0,0
6148;0,0
6149;0,0
6150;120,0
6151;175,0
6152;190,0
6153;190,0
6154;190,0
6155;190,0
6156;195,0
6157;140,0
6158;100,0
6159;100,0
6160;60,0
6161;20,0
6162;20,0
6163;20,0
6164;20,0
6165;0,0
6166;0,0
6167;0,0
6168;0,0
6169;0,0
6170;0,0
6171;0,0
6172;0,0
6173;0,0
6174;120,0
6175;160,0
6176;160,0
6177;160,0
6178;160,0
6179;160,0
6180;160,0
6181;120,0
6182;80,0
6183;80,0
6184;40,0
6185;0,0
6186;0,0
6187;0,0
6188;0,0
6189;0,0
6190;0,0
6191;0,0
6192;0,0
6193;0,0
6194;0,0
6195;0,0
6196;0,0
6197;40,0
6198;120,0
6199;160,0
6200;160,0
6201;160,0
6202;160,0
6203;180,0
6204;180,0
6205;140,0
6206;120,0
6207;120,0
6208;100,0
6209;80,0
6210;80,0
6211;80,0
6212;20,0
6213;0,0
6214;0,0
6215;40,0
6216;40,0
6217;40,0
6218;20,0
6219;0,0
6220;0,0
6221;0,0
6222;40,0
6223;40,0
6224;120,0
6225;120,0
6226;120,0
6227;120,0
6228;160,0
6229;140,0
6230;60,0
6231;80,0
6232;80,0
6233;40,0
6234;40,0
6235;40,0
6236;20,0
6237;0,0
6238;0,0
6239;0,0
6240;0,0
6241;40,0
6242;40,0
6243;40,0
6244;20,0
6245;0,0
6246;0,0
6247;0,0
6248;40,0
6249;120,0
6250;120,0
6251;120,0
6252;80,0
6253;160,0
6254;160,0
6255;100,0
6256;80,0
6257;80,0
6258;40,0
6259;40,0
6260;0,0
6261;0,0
6262;0,0
6263;0,0
6264;0,0
6265;0,0
6266;0,0
6267;0,0
6268;0,0
6269;15,0
6270;30,0
6271;70,0
6272;110,0
6273;190,0
6274;190,0
6275;160,0
6276;160,0
6277;200,0
6278;180,0
6279;140,0
6280;100,0
6281;60,0
6282;0,0
6283;0,0
6284;0,0
6285;0,0
6286;0,0
6287;0,0
6288;0,0
6289;0,0
6290;0,0
6291;0,0
6292;0,0
6293;0,0
6294;20,0
6295;160,0
6296;160,0
6297;160,0
6298;160,0
6299;220,0
6300;220,0
6301;220,0
6302;180,0
6303;140,0
6304;100,0
6305;20,0
6306;20,0
6307;20,0
6308;20,0
6309;0,0
6310;0,0
6311;0,0
6312;0,0
6313;0,0
6314;0,0
6315;0,0
6316;0,0
6317;0,0
6318;80,0
6319;160,0
6320;160,0
6321;160,0
6322;160,0
6323;160,0
6324;180,0
6325;180,0
6326;100,0
6327;100,0
6328;80,0
6329;60,0
6330;60,0
6331;60,0
6332;0,0
6333;0,0
6334;0,0
6335;0,0
6336;0,0
6337;0,0
6338;0,0
6339;0,0
6340;0,0
6341;0,0
6342;120,0
6343;175,0
6344;205,0
6345;220,0
6346;260,0
6347;260,0
6348;245,0
6349;190,0
6350;140,0
6351;100,0
6352;60,0
6353;20,0
6354;20,0
6355;20,0
6356;20,0
6357;0,0
6358;0,0
6359;0,0
6360;0,0
6361;40,0
6362;40,0
6363;40,0
6364;20,0
6365;40,0
6366;80,0
6367;120,0
6368;120,0
6369;160,0
6370;160,0
6371;160,0
6372;120,0
6373;120,0
6374;120,0
6375;120,0
6376;100,0
6377;40,0
6378;20,0
6379;0,0
6380;0,0
6381;0,0
6382;0,0
6383;40,0
6384;40,0
6385;40,0
6386;20,0
6387;0,0
6388;0,0
6389;0,0
6390;0,0
6391;40,0
6392;40,0
6393;80,0
6394;80,0
6395;80,0
6396;120,0
6397;120,0
6398;100,0
6399;80,0
6400;60,0
6401;40,0
6402;40,0
6403;40,0
6404;20,0
6405;0,0
6406;0,0
6407;0,0
6408;0,0
6409;0,0
6410;0,0
6411;0,0
6412;0,0
6413;0,0
6414;40,0
6415;80,0
6416;80,0
6417;120,0
6418;160,0
6419;120,0
6420;120,0
6421;160,0
6422;140,0
6423;100,0
6424;40,0
6425;40,0
6426;0,0
6427;0,0
6428;0,0
6429;0,0
6430;0,0
6431;0,0
6432;0,0
6433;0,0
6434;0,0
6435;0,0
6436;0,0
6437;0,0
6438;40,0
6439;40,0
6440;120,0
6441;140,0
6442;160,0
6443;180,0
6444;200,0
6445;200,0
6446;180,0
6447;200,0
6448;140,0
6449;100,0
6450;80,0
6451;40,0
6452;20,0
6453;0,0
6454;0,0
6455;0,0
6456;0,0
6457;0,0
6458;0,0
6459;0,0
6460;0,0
6461;0,0
6462;40,0
6463;120,0
6464;160,0
6465;175,0
6466;190,0
6467;190,0
6468;190,0
6469;190,0
6470;135,0
6471;80,0
6472;40,0
6473;0,0
6474;0,0
6475;40,0
6476;40,0
6477;40,0
6478;40,0
6479;0,0
6480;0,0
6481;0,0
6482;0,0
6483;0,0
6484;0,0
6485;0,0
6486;80,0
6487;160,0
6488;160,0
6489;160,0
6490;160,0
6491;160,0
6492;180,0
6493;160,0
6494;100,0
6495;140,0
6496;100,0
6497;60,0
6498;60,0
6499;60,0
6500;20,0
6501;0,0
6502;0,0
6503;0,0
6504;0,0
6505;0,0
6506;0,0
6507;0,0
6508;0,0
6509;40,0
6510;120,0
6511;160,0
6512;160,0
6513;160,0
6514;160,0
6515;160,0
6516;160,0
6517;100,0
6518;100,0
6519;100,0
6520;80,0
6521;20,0
6522;20,0
6523;20,0
6524;0,0
6525;0,0
6526;40,0
6527;40,0
6528;40,0
6529;20,0
6530;0,0
6531;0,0
6532;0,0
6533;0,0
6534;120,0
6535;160,0
6536;160,0
6537;160,0
6538;120,0
6539;140,0
6540;180,0
6541;160,0
6542;140,0
6543;140,0
6544;80,0
6545;60,0
6546;40,0
6547;20,0
6548;20,0
6549;0,0
6550;0,0
6551;0,0
6552;0,0
6553;0,0
6554;0,0
6555;0,0
6556;0,0
6557;0,0
6558;0,0
6559;0,0
6560;120,0
6561;135,0
6562;190,0
6563;230,0
6564;230,0
6565;230,0
6566;190,0
6567;135,0
6568;60,0
6569;0,0
6570;0,0
6571;0,0
6572;0,0
6573;0,0
6574;0,0
6575;0,0
6576;0,0
6577;0,0
6578;0,0
6579;0,0
6580;0,0
6581;40,0
6582;40,0
6583;40,0
6584;80,0
6585;120,0
6586;200,0
6587;200,0
6588;160,0
6589;160,0
6590;160,0
6591;120,0
6592;0,0
6593;0,0
6594;0,0
6595;0,0
6596;0,0
6597;0,0
6598;0,0
6599;0,0
6600;0,0
6601;40,0
6602;40,0
6603;40,0
6604;40,0
6605;40,0
6606;40,0
6607;100,0
6608;175,0
6609;215,0
6610;215,0
6611;215,0
6612;215,0
6613;215,0
6614;140,0
6615;125,0
6616;60,0
6617;40,0
6618;40,0
6619;40,0
6620;0,0
6621;0,0
6622;0,0
6623;0,0
6624;0,0
6625;0,0
6626;0,0
6627;0,0
6628;0,0
6629;40,0
6630;120,0
6631;160,0
6632;160,0
6633;160,0
6634;200,0
6635;220,0
6636;220,0
6637;200,0
6638;175,0
6639;170,0
6640;90,0
6641;70,0
6642;70,0
6643;70,0
6644;20,0
6645;0,0
6646;0,0
6647;0,0
6648;0,0
6649;0,0
6650;40,0
6651;40,0
6652;40,0
6653;100,0
6654;120,0
6655;160,0
6656;160,0
6657;160,0
6658;120,0
6659;120,0
6660;140,0
6661;140,0
6662;120,0
6663;100,0
6664;80,0
6665;40,0
6666;20,0
6667;0,0
6668;15,0
6669;30,0
6670;30,0
6671;30,0
6672;30,0
6673;15,0
6674;0,0
6675;0,0
6676;0,0
6677;80,0
6678;80,0
6679;120,0
6680;120,0
6681;160,0
6682;180,0
6683;200,0
6684;200,0
6685;140,0
6686;140,0
6687;100,0
6688;60,0
6689;20,0
6690;20,0
6691;20,0
6692;20,0
6693;0,0
6694;0,0
6695;40,0
6696;80,0
6697;80,0
6698;60,0
6699;20,0
6700;0,0
6701;0,0
6702;20,0
6703;55,0
6704;110,0
6705;150,0
6706;170,0
6707;190,0
6708;195,0
6709;180,0
6710;160,0
6711;140,0
6712;100,0
6713;100,0
6714;80,0
6715;40,0
6716;0,0
6717;0,0
6718;0,0
6719;0,0
6720;0,0
6721;0,0
6722;0,0
6723;0,0
6724;0,0
6725;0,0
6726;0,0
6727;0,0
6728;80,0
6729;120,0
6730;160,0
6731;200,0
6732;160,0
6733;160,0
6734;140,0
6735;80,0
6736;40,0
6737;0,0
6738;0,0
6739;0,0
6740;0,0
6741;0,0
6742;0,0
6743;0,0
6744;0,0
6745;0,0
6746;0,0
6747;0,0
6748;0,0
6749;55,0
6750;70,0
6751;70,0
6752;70,0
6753;150,0
6754;190,0
6755;160,0
6756;160,0
6757;160,0
6758;160,0
6759;140,0
6760;40,0
6761;20,0
6762;0,0
6763;0,0
6764;0,0
6765;0,0
6766;0,0
6767;0,0
6768;0,0
6769;0,0
6770;0,0
6771;0,0
6772;0,0
6773;0,0
6774;0,0
6775;80,0
6776;160,0
6777;200,0
6778;200,0
6779;200,0
6780;180,0
6781;180,0
6782;180,0
6783;120,0
6784;40,0
6785;20,0
6786;20,0
6787;20,0
6788;20,0
6789;0,0
6790;0,0
6791;0,0
6792;0,0
6793;0,0
6794;0,0
6795;0,0
6796;0,0
6797;0,0
6798;40,0
6799;160,0
6800;160,0
6801;160,0
6802;160,0
6803;160,0
6804;160,0
6805;160,0
6806;100,0
6807;80,0
6808;100,0
6809;60,0
6810;40,0
6811;40,0
6812;0,0
6813;0,0
6814;0,0
6815;0,0
6816;0,0
6817;0,0
6818;0,0
6819;0,0
6820;0,0
6821;0,0
6822;40,0
6823;160,0
6824;160,0
6825;160,0
6826;160,0
6827;200,0
6828;200,0
6829;180,0
6830;140,0
6831;120,0
6832;100,0
6833;40,0
6834;40,0
6835;40,0
6836;20,0
6837;0,0
6838;0,0
6839;0,0
6840;40,0
6841;40,0
6842;40,0
6843;40,0
6844;40,0
6845;40,0
6846;80,0
6847;160,0
6848;160,0
6849;160,0
6850;160,0
6851;160,0
6852;140,0
6853;120,0
6854;80,0
6855;80,0
6856;20,0
6857;0,0
6858;0,0
6859;0,0
6860;0,0
6861;0,0
6862;0,0
6863;40,0
6864;40,0
6865;40,0
6866;20,0
6867;0,0
6868;0,0
6869;0,0
6870;160,0
6871;160,0
6872;160,0
6873;160,0
6874;120,0
6875;120,0
6876;180,0
6877;140,0
6878;140,0
6879;100,0
6880;80,0
6881;60,0
6882;40,0
6883;20,0
6884;20,0
6885;0,0
6886;0,0
6887;0,0
6888;0,0
6889;0,0
6890;0,0
6891;0,0
6892;0,0
6893;0,0
6894;0,0
6895;135,0
6896;150,0
6897;150,0
6898;150,0
6899;190,0
6900;175,0
6901;100,0
6902;60,0
6903;40,0
6904;20,0
6905;0,0
6906;0,0
6907;0,0
6908;0,0
6909;0,0
6910;0,0
6911;0,0
6912;0,0
6913;0,0
6914;0,0
6915;0,0
6916;0,0
6917;0,0
6918;0,0
6919;80,0
6920;120,0
6921;160,0
6922;160,0
6923;200,0
6924;160,0
6925;160,0
6926;160,0
6927;100,0
6928;40,0
6929;20,0
6930;0,0
6931;0,0
6932;0,0
6933;0,0
6934;0,0
6935;0,0
6936;0,0
6937;0,0
6938;0,0
6939;40,0
6940;40,0
6941;40,0
6942;80,0
6943;100,0
6944;80,0
6945;140,0
6946;160,0
6947;160,0
6948;180,0
6949;180,0
6950;180,0
6951;160,0
6952;60,0
6953;20,0
6954;20,0
6955;20,0
6956;0,0
6957;0,0
6958;0,0
6959;0,0
6960;0,0
6961;0,0
6962;0,0
6963;0,0
6964;0,0
6965;40,0
6966;80,0
6967;180,0
6968;200,0
6969;200,0
6970;160,0
6971;160,0
6972;180,0
6973;180,0
6974;120,0
6975;100,0
6976;95,0
6977;50,0
6978;50,0
6979;50,0
6980;50,0
6981;30,0
6982;0,0
6983;0,0
6984;0,0
6985;0,0
6986;0,0
6987;0,0
6988;25,0
6989;25,0
6990;125,0
6991;225,0
6992;225,0
6993;225,0
6994;200,0
6995;160,0
6996;160,0
6997;120,0
6998;80,0
6999;80,0
7000;20,0
7001;0,0
7002;0,0
7003;0,0
7004;0,0
7005;0,0
7006;0,0
7007;0,0
7008;0,0
7009;0,0
7010;0,0
7011;0,0
7012;40,0
7013;80,0
7014;180,0
7015;200,0
7016;200,0
7017;160,0
7018;160,0
7019;180,0
7020;180,0
7021;140,0
7022;120,0
7023;120,0
7024;40,0
7025;40,0
7026;40,0
7027;40,0
7028;20,0
7029;20,0
7030;0,0
7031;40,0
7032;40,0
7033;40,0
7034;20,0
7035;0,0
7036;0,0
7037;0,0
7038;120,0
7039;120,0
7040;120,0
7041;120,0
7042;120,0
7043;120,0
7044;160,0
7045;120,0
7046;120,0
7047;100,0
7048;80,0
7049;80,0
7050;60,0
7051;40,0
7052;40,0
7053;0,0
7054;0,0
7055;0,0
7056;0,0
7057;15,0
7058;30,0
7059;30,0
7060;30,0
7061;30,0
7062;30,0
7063;40,0
7064;120,0
7065;160,0
7066;160,0
7067;200,0
7068;200,0
7069;160,0
7070;140,0
7071;100,0
7072;20,0
7073;0,0
7074;0,0
7075;0,0
7076;0,0
7077;0,0
7078;0,0
7079;0,0
7080;0,0
7081;0,0
7082;0,0
7083;0,0
7084;0,0
7085;40,0
7086;40,0
7087;80,0
7088;80,0
7089;160,0
7090;160,0
7091;200,0
7092;200,0
7093;160,0
7094;160,0
7095;120,0
7096;40,0
7097;0,0
7098;15,0
7099;45,0
7100;60,0
7101;60,0
7102;60,0
7103;60,0
7104;15,0
7105;40,0
7106;40,0
7107;65,0
7108;65,0
7109;65,0
7110;45,0
7111;85,0
7112;165,0
7113;185,0
7114;160,0
7115;160,0
7116;200,0
7117;220,0
7118;200,0
7119;140,0
7120;120,0
7121;20,0
7122;20,0
7123;20,0
7124;20,0
7125;20,0
7126;0,0
7127;0,0
7128;45,0
7129;60,0
7130;60,0
7131;60,0
7132;60,0
7133;60,0
7134;180,0
7135;245,0
7136;230,0
7137;230,0
7138;230,0
7139;230,0
7140;235,0
7141;220,0
7142;140,0
7143;100,0
7144;20,0
7145;20,0
7146;20,0
7147;20,0
7148;0,0
7149;0,0
7150;0,0
7151;0,0
7152;0,0
7153;0,0
7154;55,0
7155;100,0
7156;100,0
7157;130,0
7158;130,0
7159;170,0
7160;220,0
7161;260,0
7162;220,0
7163;275,0
7164;260,0
7165;245,0
7166;190,0
7167;115,0
7168;95,0
7169;65,0
7170;40,0
7171;40,0
7172;40,0
7173;40,0
7174;0,0
7175;0,0
7176;30,0
7177;30,0
7178;30,0
7179;30,0
7180;60,0
7181;90,0
7182;130,0
7183;220,0
7184;320,0
7185;320,0
7186;320,0
7187;320,0
7188;340,0
7189;310,0
7190;195,0
7191;120,0
7192;80,0
7193;60,0
7194;20,0
7195;20,0
7196;20,0
7197;0,0
7198;0,0
7199;0,0
7200;0,0
7201;0,0
7202;0,0
7203;30,0
7204;30,0
7205;110,0
7206;150,0
7207;260,0
7208;320,0
7209;320,0
7210;345,0
7211;345,0
7212;345,0
7213;325,0
7214;265,0
7215;215,0
7216;165,0
7217;95,0
7218;15,0
7219;0,0
7220;0,0
7221;0,0
7222;0,0
7223;0,0
7224;0,0
7225;0,0
7226;0,0
7227;0,0
7228;30,0
7229;70,0
7230;155,0
7231;240,0
7232;280,0
7233;320,0
7234;320,0
7235;320,0
7236;265,0
7237;120,0
7238;40,0
7239;0,0
7240;0,0
7241;0,0
7242;0,0
7243;0,0
7244;0,0
7245;40,0
7246;40,0
7247;80,0
7248;80,0
7249;80,0
7250;55,0
7251;30,0
7252;30,0
7253;30,0
7254;30,0
7255;60,0
7256;60,0
7257;180,0
7258;180,0
7259;150,0
7260;135,0
7261;160,0
7262;160,0
7263;100,0
7264;80,0
7265;80,0
7266;80,0
7267;60,0
7268;40,0
7269;0,0
7270;0,0
7271;0,0
7272;0,0
7273;0,0
7274;30,0
7275;30,0
7276;30,0
7277;45,0
7278;60,0
7279;100,0
7280;235,0
7281;300,0
7282;285,0
7283;305,0
7284;295,0
7285;295,0
7286;255,0
7287;185,0
7288;140,0
7289;80,0
7290;60,0
7291;40,0
7292;50,0
7293;30,0
7294;30,0
7295;30,0
7296;30,0
7297;45,0
7298;60,0
7299;60,0
7300;115,0
7301;145,0
7302;130,0
7303;130,0
7304;170,0
7305;250,0
7306;290,0
7307;290,0
7308;245,0
7309;230,0
7310;230,0
7311;135,0
7312;80,0
7313;90,0
7314;30,0
7315;30,0
7316;30,0
7317;60,0
7318;60,0
7319;60,0
7320;120,0
7321;120,0
7322;145,0
7323;185,0
7324;185,0
7325;185,0
7326;185,0
7327;265,0
7328;310,0
7329;315,0
7330;275,0
7331;230,0
7332;230,0
7333;230,0
7334;230,0
7335;130,0
7336;40,0
7337;0,0
7338;0,0
7339;0,0
7340;0,0
7341;30,0
7342;30,0
7343;70,0
7344;100,0
7345;100,0
7346;160,0
7347;160,0
7348;160,0
7349;160,0
7350;160,0
7351;280,0
7352;265,0
7353;250,0
7354;250,0
7355;290,0
7356;280,0
7357;250,0
7358;190,0
7359;195,0
7360;155,0
7361;115,0
7362;145,0
7363;145,0
7364;145,0
7365;145,0
7366;60,0
7367;45,0
7368;30,0
7369;60,0
7370;90,0
7371;75,0
7372;60,0
7373;60,0
7374;210,0
7375;250,0
7376;290,0
7377;290,0
7378;290,0
7379;305,0
7380;290,0
7381;220,0
7382;200,0
7383;200,0
7384;140,0
7385;120,0
7386;120,0
7387;105,0
7388;75,0
7389;40,0
7390;0,0
7391;0,0
7392;0,0
7393;0,0
7394;0,0
7395;0,0
7396;15,0
7397;90,0
7398;130,0
7399;240,0
7400;320,0
7401;345,0
7402;345,0
7403;345,0
7404;345,0
7405;250,0
7406;145,0
7407;125,0
7408;95,0
7409;70,0
7410;40,0
7411;40,0
7412;40,0
7413;0,0
7414;0,0
7415;0,0
7416;0,0
7417;40,0
7418;55,0
7419;70,0
7420;80,0
7421;105,0
7422;120,0
7423;120,0
7424;160,0
7425;280,0
7426;280,0
7427;280,0
7428;280,0
7429;260,0
7430;230,0
7431;170,0
7432;110,0
7433;110,0
7434;95,0
7435;80,0
7436;40,0
7437;40,0
7438;0,0
7439;0,0
7440;0,0
7441;30,0
7442;30,0
7443;120,0
7444;120,0
7445;120,0
7446;120,0
7447;225,0
7448;265,0
7449;345,0
7450;345,0
7451;315,0
7452;255,0
7453;275,0
7454;235,0
7455;190,0
7456;130,0
7457;110,0
7458;60,0
7459;60,0
7460;20,0
7461;20,0
7462;0,0
7463;0,0
7464;0,0
7465;15,0
7466;30,0
7467;60,0
7468;105,0
7469;120,0
7470;220,0
7471;320,0
7472;320,0
7473;320,0
7474;320,0
7475;290,0
7476;230,0
7477;230,0
7478;150,0
7479;100,0
7480;60,0
7481;40,0
7482;40,0
7483;0,0
7484;0,0
7485;0,0
7486;0,0
7487;0,0
7488;0,0
7489;0,0
7490;30,0
7491;30,0
7492;60,0
7493;60,0
7494;225,0
7495;280,0
7496;320,0
7497;320,0
7498;275,0
7499;265,0
7500;200,0
7501;180,0
7502;140,0
7503;100,0
7504;65,0
7505;65,0
7506;65,0
7507;65,0
7508;45,0
7509;25,0
7510;0,0
7511;0,0
7512;0,0
7513;0,0
7514;40,0
7515;40,0
7516;40,0
7517;80,0
7518;160,0
7519;160,0
7520;160,0
7521;160,0
7522;160,0
7523;160,0
7524;140,0
7525;120,0
7526;80,0
7527;60,0
7528;90,0
7529;70,0
7530;70,0
7531;70,0
7532;70,0
7533;30,0
7534;0,0
7535;40,0
7536;40,0
7537;40,0
7538;20,0
7539;0,0
7540;0,0
7541;0,0
7542;120,0
7543;120,0
7544;120,0
7545;120,0
7546;120,0
7547;160,0
7548;220,0
7549;195,0
7550;210,0
7551;210,0
7552;150,0
7553;130,0
7554;70,0
7555;20,0
7556;20,0
7557;30,0
7558;30,0
7559;30,0
7560;30,0
7561;60,0
7562;60,0
7563;45,0
7564;30,0
7565;60,0
7566;60,0
7567;125,0
7568;150,0
7569;190,0
7570;190,0
7571;215,0
7572;200,0
7573;160,0
7574;120,0
7575;95,0
7576;90,0
7577;95,0
7578;95,0
7579;55,0
7580;85,0
7581;85,0
7582;85,0
7583;45,0
7584;30,0
7585;30,0
7586;15,0
7587;0,0
7588;0,0
7589;0,0
7590;70,0
7591;85,0
7592;140,0
7593;250,0
7594;250,0
7595;290,0
7596;290,0
7597;260,0
7598;225,0
7599;150,0
7600;125,0
7601;120,0
7602;100,0
7603;30,0
7604;30,0
7605;30,0
7606;30,0
7607;15,0
7608;0,0
7609;0,0
7610;0,0
7611;0,0
7612;0,0
7613;30,0
7614;70,0
7615;210,0
7616;230,0
7617;270,0
7618;290,0
7619;290,0
7620;260,0
7621;180,0
7622;180,0
7623;140,0
7624;60,0
7625;20,0
7626;20,0
7627;20,0
7628;20,0
7629;0,0
7630;0,0
7631;0,0
7632;70,0
7633;70,0
7634;95,0
7635;95,0
7636;95,0
7637;125,0
7638;125,0
7639;225,0
7640;245,0
7641;190,0
7642;190,0
7643;210,0
7644;225,0
7645;240,0
7646;190,0
7647;170,0
7648;145,0
7649;120,0
7650;120,0
7651;105,0
7652;90,0
7653;70,0
7654;30,0
7655;15,0
7656;30,0
7657;45,0
7658;60,0
7659;60,0
7660;60,0
7661;60,0
7662;180,0
7663;220,0
7664;260,0
7665;260,0
7666;245,0
7667;230,0
7668;240,0
7669;200,0
7670;180,0
7671;180,0
7672;140,0
7673;100,0
7674;100,0
7675;30,0
7676;15,0
7677;0,0
7678;0,0
7679;0,0
7680;0,0
7681;95,0
7682;110,0
7683;125,0
7684;105,0
7685;125,0
7686;165,0
7687;220,0
7688;220,0
7689;220,0
7690;220,0
7691;190,0
7692;200,0
7693;200,0
7694;200,0
7695;160,0
7696;120,0
7697;80,0
7698;75,0
7699;70,0
7700;85,0
7701;60,0
7702;60,0
7703;100,0
7704;85,0
7705;70,0
7706;90,0
7707;70,0
7708;70,0
7709;70,0
7710;110,0
7711;110,0
7712;140,0
7713;140,0
7714;160,0
7715;180,0
7716;260,0
7717;260,0
7718;260,0
7719;275,0
7720;235,0
7721;110,0
7722;90,0
7723;100,0
7724;125,0
7725;85,0
7726;55,0
7727;55,0
7728;55,0
7729;40,0
7730;0,0
7731;0,0
7732;30,0
7733;30,0
7734;30,0
7735;30,0
7736;110,0
7737;110,0
7738;135,0
7739;160,0
7740;160,0
7741;160,0
7742;140,0
7743;100,0
7744;60,0
7745;40,0
7746;40,0
7747;40,0
7748;0,0
7749;0,0
7750;0,0
7751;0,0
7752;0,0
7753;0,0
7754;0,0
7755;0,0
7756;0,0
7757;0,0
7758;0,0
7759;0,0
7760;40,0
7761;80,0
7762;120,0
7763;200,0
7764;200,0
7765;200,0
7766;200,0
7767;180,0
7768;100,0
7769;0,0
7770;0,0
7771;0,0
7772;0,0
7773;0,0
7774;0,0
7775;0,0
7776;0,0
7777;0,0
7778;0,0
7779;30,0
7780;60,0
7781;60,0
7782;100,0
7783;195,0
7784;270,0
7785;290,0
7786;275,0
7787;260,0
7788;280,0
7789;310,0
7790;260,0
7791;150,0
7792;110,0
7793;90,0
7794;50,0
7795;35,0
7796;20,0
7797;0,0
7798;0,0
7799;0,0
7800;0,0
7801;0,0
7802;0,0
7803;0,0
7804;30,0
7805;70,0
7806;110,0
7807;220,0
7808;285,0
7809;285,0
7810;285,0
7811;285,0
7812;285,0
7813;275,0
7814;195,0
7815;175,0
7816;110,0
7817;90,0
7818;65,0
7819;80,0
7820;65,0
7821;30,0
7822;30,0
7823;30,0
7824;15,0
7825;0,0
7826;0,0
7827;0,0
7828;30,0
7829;70,0
7830;150,0
7831;190,0
7832;230,0
7833;230,0
7834;230,0
7835;230,0
7836;250,0
7837;160,0
7838;155,0
7839;150,0
7840;70,0
7841;50,0
7842;50,0
7843;50,0
7844;35,0
7845;0,0
7846;0,0
7847;0,0
7848;30,0
7849;30,0
7850;30,0
7851;60,0
7852;90,0
7853;210,0
7854;250,0
7855;275,0
7856;260,0
7857;260,0
7858;275,0
7859;290,0
7860;240,0
7861;200,0
7862;180,0
7863;140,0
7864;145,0
7865;125,0
7866;125,0
7867;125,0
7868;85,0
7869;70,0
7870;55,0
7871;70,0
7872;110,0
7873;140,0
7874;120,0
7875;80,0
7876;60,0
7877;30,0
7878;100,0
7879;180,0
7880;180,0
7881;150,0
7882;185,0
7883;240,0
7884;300,0
7885;280,0
7886;190,0
7887;190,0
7888;160,0
7889;120,0
7890;100,0
7891;60,0
7892;40,0
7893;0,0
7894;0,0
7895;0,0
7896;0,0
7897;40,0
7898;40,0
7899;40,0
7900;70,0
7901;100,0
7902;100,0
7903;60,0
7904;100,0
7905;140,0
7906;180,0
7907;190,0
7908;175,0
7909;160,0
7910;120,0
7911;95,0
7912;70,0
7913;30,0
7914;70,0
7915;70,0
7916;70,0
7917;55,0
7918;40,0
7919;0,0
7920;0,0
7921;30,0
7922;30,0
7923;30,0
7924;30,0
7925;60,0
7926;60,0
7927;60,0
7928;100,0
7929;230,0
7930;215,0
7931;255,0
7932;255,0
7933;185,0
7934;185,0
7935;120,0
7936;80,0
7937;20,0
7938;0,0
7939;0,0
7940;0,0
7941;0,0
7942;0,0
7943;30,0
7944;70,0
7945;100,0
7946;100,0
7947;100,0
7948;100,0
7949;130,0
7950;90,0
7951;130,0
7952;235,0
7953;220,0
7954;220,0
7955;190,0
7956;190,0
7957;190,0
7958;175,0
7959;120,0
7960;80,0
7961;60,0
7962;40,0
7963;40,0
7964;70,0
7965;70,0
7966;70,0
7967;30,0
7968;45,0
7969;60,0
7970;90,0
7971;120,0
7972;120,0
7973;120,0
7974;185,0
7975;230,0
7976;315,0
7977;315,0
7978;315,0
7979;315,0
7980;335,0
7981;320,0
7982;225,0
7983;225,0
7984;235,0
7985;165,0
7986;120,0
7987;120,0
7988;120,0
7989;100,0
7990;100,0
7991;100,0
7992;100,0
7993;60,0
7994;60,0
7995;90,0
7996;90,0
7997;90,0
7998;170,0
7999;250,0
8000;250,0
8001;290,0
8002;290,0
8003;320,0
8004;275,0
8005;220,0
8006;200,0
8007;200,0
8008;145,0
8009;90,0
8010;90,0
8011;105,0
8012;90,0
8013;70,0
8014;70,0
8015;70,0
8016;30,0
8017;60,0
8018;60,0
8019;75,0
8020;115,0
8021;155,0
8022;235,0
8023;305,0
8024;345,0
8025;345,0
8026;315,0
8027;315,0
8028;260,0
8029;175,0
8030;140,0
8031;140,0
8032;120,0
8033;60,0
8034;20,0
8035;20,0
8036;20,0
8037;0,0
8038;0,0
8039;40,0
8040;70,0
8041;70,0
8042;50,0
8043;30,0
8044;90,0
8045;160,0
8046;240,0
8047;280,0
8048;280,0
8049;280,0
8050;280,0
8051;280,0
8052;320,0
8053;300,0
8054;265,0
8055;250,0
8056;175,0
8057;165,0
8058;145,0
8059;125,0
8060;125,0
8061;95,0
8062;95,0
8063;30,0
8064;30,0
8065;30,0
8066;30,0
8067;45,0
8068;30,0
8069;60,0
8070;60,0
8071;100,0
8072;180,0
8073;220,0
8074;220,0
8075;260,0
8076;245,0
8077;260,0
8078;180,0
8079;140,0
8080;120,0
8081;85,0
8082;70,0
8083;30,0
8084;30,0
8085;15,0
8086;0,0
8087;0,0
8088;0,0
8089;0,0
8090;0,0
8091;0,0
8092;0,0
8093;0,0
8094;0,0
8095;110,0
8096;170,0
8097;250,0
8098;250,0
8099;290,0
8100;305,0
8101;260,0
8102;190,0
8103;130,0
8104;70,0
8105;55,0
8106;25,0
8107;25,0
8108;25,0
8109;25,0
8110;25,0
8111;0,0
8112;40,0
8113;40,0
8114;40,0
8115;70,0
8116;70,0
8117;70,0
8118;70,0
8119;165,0
8120;260,0
8121;280,0
8122;280,0
8123;320,0
8124;360,0
8125;360,0
8126;340,0
8127;270,0
8128;160,0
8129;125,0
8130;110,0
8131;110,0
8132;110,0
8133;55,0
8134;0,0
8135;0,0
8136;0,0
8137;0,0
8138;0,0
8139;0,0
8140;15,0
8141;120,0
8142;160,0
8143;280,0
8144;345,0
8145;345,0
8146;345,0
8147;345,0
8148;315,0
8149;300,0
8150;245,0
8151;190,0
8152;135,0
8153;70,0
8154;70,0
8155;70,0
8156;70,0
8157;55,0
8158;0,0
8159;0,0
8160;30,0
8161;30,0
8162;60,0
8163;90,0
8164;105,0
8165;120,0
8166;200,0
8167;320,0
8168;320,0
8169;320,0
8170;290,0
8171;310,0
8172;265,0
8173;230,0
8174;170,0
8175;170,0
8176;150,0
8177;90,0
8178;60,0
8179;20,0
8180;20,0
8181;0,0
8182;0,0
8183;0,0
8184;0,0
8185;0,0
8186;45,0
8187;90,0
8188;120,0
8189;160,0
8190;160,0
8191;200,0
8192;305,0
8193;305,0
8194;345,0
8195;345,0
8196;330,0
8197;280,0
8198;195,0
8199;175,0
8200;135,0
8201;70,0
8202;70,0
8203;70,0
8204;30,0
8205;30,0
8206;15,0
8207;0,0
8208;0,0
8209;0,0
8210;60,0
8211;90,0
8212;90,0
8213;90,0
8214;200,0
8215;260,0
8216;320,0
8217;320,0
8218;320,0
8219;320,0
8220;320,0
8221;290,0
8222;220,0
8223;200,0
8224;180,0
8225;120,0
8226;90,0
8227;90,0
8228;90,0
8229;70,0
8230;70,0
8231;30,0
8232;60,0
8233;85,0
8234;115,0
8235;115,0
8236;145,0
8237;145,0
8238;145,0
8239;185,0
8240;320,0
8241;320,0
8242;305,0
8243;290,0
8244;260,0
8245;220,0
8246;130,0
8247;75,0
8248;40,0
8249;40,0
8250;40,0
8251;40,0
8252;40,0
8253;40,0
8254;70,0
8255;30,0
8256;60,0
8257;60,0
8258;105,0
8259;120,0
8260;120,0
8261;120,0
8262;120,0
8263;160,0
8264;200,0
8265;320,0
8266;320,0
8267;345,0
8268;345,0
8269;330,0
8270;300,0
8271;205,0
8272;125,0
8273;125,0
8274;125,0
8275;125,0
8276;100,0
8277;100,0
8278;115,0
8279;100,0
8280;115,0
8281;130,0
8282;130,0
8283;130,0
8284;130,0
8285;90,0
8286;110,0
8287;205,0
8288;240,0
8289;265,0
8290;290,0
8291;260,0
8292;280,0
8293;280,0
8294;260,0
8295;220,0
8296;160,0
8297;120,0
8298;120,0
8299;120,0
8300;75,0
8301;40,0
8302;0,0
8303;30,0
8304;30,0
8305;60,0
8306;60,0
8307;85,0
8308;115,0
8309;115,0
8310;195,0
8311;305,0
8312;345,0
8313;345,0
8314;345,0
8315;290,0
8316;275,0
8317;260,0
8318;180,0
8319;180,0
8320;120,0
8321;100,0
8322;100,0
8323;100,0
8324;130,0
8325;130,0
8326;130,0
8327;160,0
8328;145,0
8329;130,0
8330;130,0
8331;130,0
8332;90,0
8333;90,0
8334;155,0
8335;220,0
8336;220,0
8337;235,0
8338;260,0
8339;285,0
8340;325,0
8341;305,0
8342;250,0
8343;215,0
8344;180,0
8345;105,0
8346;80,0
8347;40,0
8348;20,0
8349;0,0
8350;0,0
8351;0,0
8352;30,0
8353;30,0
8354;60,0
8355;60,0
8356;60,0
8357;130,0
8358;225,0
8359;320,0
8360;320,0
8361;290,0
8362;290,0
8363;290,0
8364;240,0
8365;205,0
8366;120,0
8367;80,0
8368;20,0
8369;0,0
8370;0,0
8371;0,0
8372;0,0
8373;0,0
8374;0,0
8375;40,0
8376;80,0
8377;110,0
8378;90,0
8379;70,0
8380;70,0
8381;30,0
8382;140,0
8383;240,0
8384;240,0
8385;240,0
8386;240,0
8387;210,0
8388;240,0
8389;140,0
8390;180,0
8391;180,0
8392;165,0
8393;125,0
8394;105,0
8395;85,0
8396;45,0
8397;45,0
8398;0,0
8399;0,0
8400;0,0
8401;0,0
8402;0,0
8403;0,0
8404;0,0
8405;30,0
8406;30,0
8407;110,0
8408;190,0
8409;190,0
8410;190,0
8411;245,0
8412;260,0
8413;220,0
8414;150,0
8415;110,0
8416;90,0
8417;55,0
8418;30,0
8419;45,0
8420;60,0
8421;60,0
8422;60,0
8423;60,0
8424;60,0
8425;75,0
8426;60,0
8427;60,0
8428;45,0
8429;70,0
8430;140,0
8431;140,0
8432;140,0
8433;220,0
8434;220,0
8435;260,0
8436;215,0
8437;160,0
8438;120,0
8439;80,0
8440;65,0
8441;25,0
8442;25,0
8443;25,0
8444;25,0
8445;25,0
8446;40,0
8447;70,0
8448;70,0
8449;85,0
8450;100,0
8451;60,0
8452;90,0
8453;90,0
8454;145,0
8455;170,0
8456;210,0
8457;250,0
8458;290,0
8459;310,0
8460;280,0
8461;265,0
8462;215,0
8463;160,0
8464;120,0
8465;60,0
8466;60,0
8467;20,0
8468;0,0
8469;0,0
8470;0,0
8471;0,0
8472;60,0
8473;60,0
8474;60,0
8475;60,0
8476;105,0
8477;120,0
8478;240,0
8479;320,0
8480;305,0
8481;290,0
8482;290,0
8483;275,0
8484;215,0
8485;245,0
8486;165,0
8487;145,0
8488;105,0
8489;85,0
8490;45,0
8491;45,0
8492;20,0
8493;20,0
8494;30,0
8495;30,0
8496;30,0
8497;30,0
8498;60,0
8499;120,0
8500;120,0
8501;200,0
8502;260,0
8503;320,0
8504;320,0
8505;320,0
8506;320,0
8507;320,0
8508;320,0
8509;280,0
8510;240,0
8511;220,0
8512;180,0
8513;185,0
8514;170,0
8515;155,0
8516;140,0
8517;125,0
8518;125,0
8519;125,0
8520;100,0
8521;100,0
8522;100,0
8523;115,0
8524;115,0
8525;170,0
8526;210,0
8527;250,0
8528;250,0
8529;250,0
8530;290,0
8531;290,0
8532;310,0
8533;285,0
8534;235,0
8535;200,0
8536;160,0
8537;140,0
8538;140,0
8539;140,0
8540;120,0
8541;60,0
8542;45,0
8543;70,0
8544;70,0
8545;70,0
8546;65,0
8547;75,0
8548;60,0
8549;100,0
8550;205,0
8551;260,0
8552;290,0
8553;305,0
8554;305,0
8555;305,0
8556;345,0
8557;305,0
8558;275,0
8559;205,0
8560;180,0
8561;140,0
8562;120,0
8563;100,0
8564;100,0
8565;100,0
8566;100,0
8567;130,0
8568;200,0
8569;200,0
8570;160,0
8571;125,0
8572;90,0
8573;90,0
8574;90,0
8575;130,0
8576;170,0
8577;225,0
8578;240,0
8579;280,0
8580;280,0
8581;280,0
8582;305,0
8583;265,0
8584;230,0
8585;195,0
8586;180,0
8587;165,0
8588;125,0
8589;125,0
8590;100,0
8591;100,0
8592;100,0
8593;130,0
8594;160,0
8595;160,0
8596;160,0
8597;160,0
8598;160,0
8599;160,0
8600;160,0
8601;240,0
8602;240,0
8603;320,0
8604;320,0
8605;320,0
8606;320,0
8607;300,0
8608;265,0
8609;205,0
8610;185,0
8611;185,0
8612;170,0
8613;155,0
8614;155,0
8615;140,0
8616;100,0
8617;100,0
8618;100,0
8619;100,0
8620;90,0
8621;90,0
8622;120,0
8623;120,0
8624;120,0
8625;200,0
8626;240,0
8627;320,0
8628;320,0
8629;320,0
8630;320,0
8631;320,0
8632;285,0
8633;185,0
8634;185,0
8635;185,0
8636;185,0
8637;185,0
8638;185,0
8639;170,0
8640;115,0
8641;100,0
8642;100,0
8643;100,0
8644;85,0
8645;70,0
8646;90,0
8647;170,0
8648;250,0
8649;290,0
8650;290,0
8651;320,0
8652;340,0
8653;340,0
8654;340,0
8655;280,0
8656;240,0
8657;200,0
8658;180,0
8659;205,0
8660;190,0
8661;155,0
8662;155,0
8663;155,0
8664;140,0
8665;85,0
8666;60,0
8667;60,0
8668;60,0
8669;90,0
8670;130,0
8671;225,0
8672;320,0
8673;320,0
8674;320,0
8675;340,0
8676;340,0
8677;340,0
8678;250,0
8679;230,0
8680;190,0
8681;170,0
8682;135,0
8683;120,0
8684;100,0
8685;100,0
8686;100,0
8687;125,0
8688;125,0
8689;125,0
8690;125,0
8691;125,0
8692;155,0
8693;115,0
8694;240,0
8695;240,0
8696;280,0
8697;280,0
8698;320,0
8699;320,0
8700;320,0
8701;280,0
8702;260,0
8703;260,0
8704;240,0
8705;170,0
8706;120,0
8707;120,0
8708;120,0
8709;90,0
8710;70,0
8711;70,0
8712;110,0
8713;110,0
8714;140,0
8715;80,0
8716;90,0
8717;115,0
8718;195,0
8719;245,0
8720;265,0
8721;305,0
8722;305,0
8723;305,0
8724;325,0
8725;345,0
8726;280,0
8727;265,0
8728;210,0
8729;170,0
8730;150,0
8731;85,0
8732;70,0
8733;70,0
8734;70,0
8735;70,0
8736;70,0
8737;30,0
8738;60,0
8739;60,0
8740;90,0
8741;120,0
8742;120,0
8743;200,0
8744;240,0
8745;280,0
8746;280,0
8747;280,0
8748;320,0
8749;325,0
8750;285,0
8751;230,0
8752;195,0
8753;155,0
8754;155,0
8755;155,0
8756;155,0
8757;115,0
8758;100,0
8759;100,0
