H;TA
1;4.00
2;9.30
3;9.15
4;9.05
5;8.95
6;8.90
7;8.90
8;8.90
9;9.20
10;9.50
11;9.80
12;10.60
13;11.35
14;12.15
15;12.75
16;12.55
17;12.05
18;11.65
19;11.30
20;10.90
21;10.50
22;10.10
23;9.75
24;9.40
25;8.70
26;7.65
27;6.60
28;5.80
29;5.20
30;4.70
31;4.30
32;4.05
33;4.15
34;4.55
35;5.05
36;5.50
37;5.80
38;5.85
39;5.60
40;5.15
41;4.70
42;4.35
43;4.00
44;3.65
45;3.35
46;3.05
47;2.70
48;2.35
49;2.25
50;2.35
51;2.45
52;2.55
53;2.65
54;2.75
55;2.80
56;2.85
57;3.35
58;4.40
59;5.90
60;7.30
61;8.15
62;8.75
63;9.00
64;8.80
65;8.15
66;7.55
67;7.20
68;6.80
69;6.40
70;6.00
71;5.60
72;5.25
73;4.50
74;3.85
75;3.45
76;2.95
77;2.60
78;2.25
79;2.00
80;1.85
81;1.80
82;1.85
83;1.95
84;2.00
85;2.00
86;2.00
87;1.95
88;1.85
89;1.70
90;1.45
91;1.05
92;0.75
93;0.50
94;0.20
95;-0.05
96;-0.35
97;-0.55
98;-0.65
99;-0.70
100;-0.70
101;-0.70
102;-0.70
103;-0.70
104;-0.70
105;-0.40
106;0.35
107;1.00
108;1.45
109;1.90
110;2.20
111;2.30
112;2.15
113;1.80
114;1.45
115;1.15
116;0.85
117;0.55
118;0.25
119;-0.05
120;-0.50
121;-0.85
122;-1.10
123;-1.55
124;-1.90
125;-2.10
126;-2.30
127;-2.45
128;-2.50
129;-2.20
130;-1.90
131;-1.50
132;-0.45
133;0.50
134;1.10
135;1.45
136;1.30
137;0.75
138;0.30
139;0.05
140;-0.20
141;-0.45
142;-0.70
143;-0.95
144;-1.20
145;-1.40
146;-1.60
147;-1.75
148;-1.85
149;-1.90
150;-1.90
151;-1.90
152;-1.90
153;-1.30
154;-0.05
155;1.40
156;2.65
157;2.85
158;2.40
159;2.20
160;1.95
161;1.40
162;0.95
163;0.70
164;0.45
165;0.15
166;-0.15
167;-0.40
168;-0.65
169;-1.00
170;-1.45
171;-1.90
172;-2.20
173;-2.40
174;-2.60
175;-2.75
176;-2.80
177;-2.25
178;-0.90
179;0.20
180;0.35
181;-0.10
182;-0.40
183;-0.30
184;-0.30
185;-0.65
186;-1.10
187;-1.50
188;-1.95
189;-2.40
190;-2.80
191;-3.25
192;-3.70
193;-4.15
194;-4.65
195;-5.15
196;-5.50
197;-5.75
198;-6.00
199;-6.20
200;-6.30
201;-5.75
202;-4.25
203;-2.75
204;-1.70
205;-0.95
206;-0.40
207;-0.15
208;-0.55
209;-1.45
210;-2.10
211;-2.30
212;-2.55
213;-2.80
214;-3.05
215;-3.30
216;-3.50
217;-3.65
218;-3.75
219;-3.85
220;-3.90
221;-3.90
222;-3.90
223;-3.90
224;-3.90
225;-3.75
226;-3.60
227;-3.35
228;-3.00
229;-2.80
230;-1.90
231;-0.75
232;-0.40
233;-0.65
234;-1.00
235;-1.20
236;-1.40
237;-1.60
238;-1.80
239;-2.00
240;-2.20
241;-2.45
242;-2.70
243;-2.95
244;-3.15
245;-3.25
246;-3.35
247;-3.45
248;-3.45
249;-3.00
250;-2.25
251;-1.30
252;-0.15
253;0.95
254;1.85
255;2.40
256;2.40
257;1.75
258;0.95
259;0.25
260;-0.40
261;-1.05
262;-1.75
263;-2.45
264;-3.15
265;-3.95
266;-4.95
267;-6.05
268;-6.85
269;-7.40
270;-7.95
271;-8.40
272;-8.65
273;-8.80
274;-8.80
275;-8.65
276;-8.50
277;-8.35
278;-8.30
279;-8.30
280;-8.40
281;-8.65
282;-8.90
283;-9.10
284;-9.30
285;-9.50
286;-9.70
287;-9.90
288;-10.10
289;-10.05
290;-9.75
291;-9.40
292;-9.10
293;-8.90
294;-8.70
295;-8.50
296;-8.40
297;-7.75
298;-6.35
299;-4.80
300;-3.40
301;-2.35
302;-1.70
303;-1.55
304;-1.95
305;-2.75
306;-3.30
307;-3.45
308;-3.60
309;-3.75
310;-3.90
311;-4.05
312;-4.20
313;-4.50
314;-4.95
315;-5.40
316;-5.70
317;-5.90
318;-6.05
319;-6.20
320;-6.25
321;-5.65
322;-4.45
323;-3.05
324;-2.10
325;-2.40
326;-3.00
327;-3.25
328;-3.70
329;-4.20
330;-4.55
331;-4.85
332;-5.15
333;-5.45
334;-5.75
335;-6.05
336;-6.35
337;-6.70
338;-7.10
339;-7.50
340;-7.85
341;-8.10
342;-8.30
343;-8.50
344;-8.60
345;-8.25
346;-7.20
347;-6.30
348;-5.80
349;-5.25
350;-5.35
351;-5.85
352;-6.20
353;-6.70
354;-6.90
355;-6.75
356;-6.60
357;-6.40
358;-6.25
359;-6.10
360;-5.95
361;-6.15
362;-6.00
363;-5.50
364;-5.45
365;-5.50
366;-5.35
367;-5.15
368;-5.10
369;-4.90
370;-4.40
371;-3.80
372;-3.30
373;-2.90
374;-2.65
375;-2.60
376;-2.75
377;-3.10
378;-3.20
379;-3.10
380;-3.05
381;-3.00
382;-2.90
383;-2.75
384;-2.65
385;-2.75
386;-3.05
387;-3.10
388;-2.95
389;-2.90
390;-2.90
391;-2.90
392;-2.85
393;-2.70
394;-2.40
395;-2.05
396;-1.75
397;-1.50
398;-1.35
399;-1.35
400;-1.45
401;-1.65
402;-1.80
403;-1.80
404;-2.35
405;-2.55
406;-2.10
407;-2.00
408;-1.95
409;-1.90
410;-1.90
411;-1.90
412;-1.85
413;-1.80
414;-1.80
415;-1.80
416;-1.80
417;-1.55
418;-0.90
419;-0.25
420;0.15
421;0.50
422;0.90
423;1.15
424;1.15
425;0.85
426;0.55
427;0.45
428;0.25
429;0.20
430;0.30
431;0.25
432;0.15
433;0.05
434;0.00
435;-0.05
436;-0.10
437;-0.10
438;-0.15
439;-0.20
440;-0.15
441;0.40
442;1.60
443;3.05
444;4.35
445;5.25
446;5.80
447;5.95
448;5.60
449;4.85
450;4.25
451;4.00
452;3.75
453;3.50
454;3.25
455;3.00
456;2.75
457;2.45
458;2.05
459;1.70
460;1.50
461;1.30
462;1.15
463;1.05
464;1.00
465;1.10
466;1.35
467;1.70
468;2.00
469;2.15
470;2.85
471;3.75
472;4.00
473;3.70
474;3.30
475;3.05
476;2.80
477;2.55
478;2.25
479;2.00
480;1.75
481;1.50
482;1.30
483;1.10
484;0.95
485;0.85
486;0.75
487;0.70
488;0.70
489;1.30
490;2.90
491;4.95
492;5.60
493;5.45
494;5.20
495;4.75
496;4.70
497;4.30
498;3.90
499;3.75
500;3.60
501;3.45
502;3.30
503;3.15
504;3.05
505;2.90
506;2.70
507;2.55
508;2.45
509;2.35
510;2.30
511;2.25
512;2.25
513;2.65
514;3.45
515;4.35
516;5.20
517;5.85
518;6.25
519;6.35
520;6.10
521;5.65
522;5.15
523;4.70
524;4.25
525;3.80
526;3.35
527;2.90
528;2.45
529;1.95
530;1.40
531;0.80
532;0.35
533;0.05
534;-0.15
535;-0.30
536;-0.40
537;0.05
538;1.00
539;2.00
540;2.95
541;3.70
542;4.15
543;4.30
544;4.05
545;3.45
546;2.75
547;2.05
548;1.35
549;0.65
550;-0.05
551;-0.75
552;-1.45
553;-2.20
554;-2.90
555;-3.60
556;-4.15
557;-4.50
558;-4.85
559;-5.15
560;-5.30
561;-5.10
562;-4.55
563;-3.90
564;-3.40
565;-3.10
566;-2.90
567;-2.85
568;-3.10
569;-3.55
570;-4.00
571;-4.35
572;-4.70
573;-5.10
574;-5.45
575;-5.80
576;-6.20
577;-6.45
578;-6.60
579;-6.80
580;-6.95
581;-7.05
582;-7.20
583;-7.35
584;-7.40
585;-6.65
586;-5.15
587;-3.60
588;-2.05
589;-0.75
590;0.10
591;0.35
592;-0.20
593;-1.35
594;-1.70
595;-1.10
596;-0.50
597;0.10
598;0.70
599;1.30
600;1.90
601;2.35
602;2.65
603;3.00
604;3.35
605;3.60
606;3.80
607;4.00
608;4.20
609;5.10
610;6.95
611;9.00
612;10.90
613;12.45
614;12.60
615;12.10
616;12.10
617;12.05
618;11.85
619;11.60
620;11.35
621;11.10
622;10.85
623;10.60
624;10.35
625;9.80
626;9.00
627;8.15
628;7.45
629;7.00
630;6.55
631;6.00
632;5.90
633;6.20
634;6.40
635;6.65
636;6.90
637;7.05
638;7.10
639;7.05
640;6.90
641;6.65
642;6.25
643;5.75
644;5.30
645;4.85
646;4.35
647;3.85
648;3.35
649;2.75
650;1.95
651;1.10
652;0.45
653;-0.05
654;-0.45
655;-0.75
656;-0.95
657;-0.60
658;0.20
659;1.05
660;1.80
661;2.35
662;2.70
663;2.75
664;2.40
665;1.75
666;1.30
667;1.15
668;1.00
669;0.80
670;0.65
671;0.50
672;0.35
673;0.40
674;0.60
675;0.65
676;0.95
677;1.35
678;1.50
679;1.65
680;1.75
681;2.15
682;2.90
683;3.70
684;4.45
685;5.10
686;5.55
687;5.80
688;5.65
689;5.25
690;5.00
691;4.75
692;4.50
693;4.25
694;4.00
695;3.75
696;3.50
697;3.05
698;2.30
699;1.55
700;1.00
701;0.60
702;0.25
703;-0.05
704;-0.20
705;0.75
706;2.80
707;4.90
708;6.65
709;7.90
710;8.65
711;8.90
712;8.45
713;7.20
714;6.25
715;6.00
716;5.75
717;5.45
718;5.15
719;4.85
720;4.55
721;4.40
722;4.45
723;4.50
724;4.55
725;4.60
726;4.65
727;4.70
728;4.75
729;5.30
730;6.40
731;7.50
732;8.45
733;9.25
734;9.75
735;9.95
736;9.80
737;9.20
738;8.70
739;8.45
740;8.20
741;8.00
742;7.80
743;7.55
744;7.30
745;7.00
746;6.45
747;6.05
748;5.95
749;5.85
750;5.70
751;5.55
752;5.50
753;5.75
754;6.20
755;6.65
756;7.15
757;7.50
758;7.65
759;7.70
760;7.55
761;7.20
762;6.90
763;6.65
764;6.35
765;6.05
766;5.75
767;5.45
768;5.15
769;4.90
770;4.70
771;4.50
772;4.35
773;4.25
774;4.20
775;4.15
776;4.15
777;4.65
778;5.65
779;6.65
780;7.50
781;8.15
782;8.50
783;8.65
784;8.50
785;8.00
786;7.45
787;6.95
788;6.50
789;6.05
790;5.55
791;5.05
792;4.60
793;4.10
794;3.55
795;3.00
796;2.55
797;2.30
798;2.10
799;1.90
800;1.85
801;2.50
802;3.75
803;4.90
804;5.70
805;6.20
806;6.50
807;6.65
808;6.40
809;5.70
810;4.95
811;4.25
812;3.55
813;2.85
814;2.15
815;1.45
816;0.75
817;0.05
818;-0.75
819;-1.65
820;-2.30
821;-2.75
822;-3.20
823;-3.55
824;-3.75
825;-3.50
826;-2.80
827;-2.05
828;-1.45
829;-1.10
830;-0.95
831;-0.95
832;-1.20
833;-1.70
834;-2.10
835;-2.25
836;-2.35
837;-2.45
838;-2.55
839;-2.65
840;-2.75
841;-2.65
842;-2.30
843;-1.90
844;-1.60
845;-1.35
846;-1.10
847;-0.95
848;-0.80
849;-0.10
850;1.15
851;2.35
852;3.30
853;4.05
854;4.45
855;4.60
856;4.50
857;3.95
858;3.50
859;3.25
860;2.95
861;2.65
862;2.40
863;2.15
864;1.85
865;1.40
866;0.75
867;0.05
868;-0.45
869;-0.80
870;-1.10
871;-1.35
872;-1.45
873;-0.85
874;0.35
875;1.50
876;2.15
877;2.40
878;2.35
879;1.95
880;1.40
881;0.80
882;0.40
883;0.20
884;0.05
885;-0.10
886;-0.30
887;-0.45
888;-0.60
889;-0.65
890;-0.55
891;-0.55
892;-0.45
893;-0.25
894;-0.20
895;-0.15
896;-0.05
897;0.45
898;1.50
899;2.65
900;3.65
901;4.40
902;4.85
903;5.00
904;4.85
905;4.35
906;3.80
907;3.40
908;2.95
909;2.50
910;2.10
911;1.65
912;1.20
913;0.65
914;-0.10
915;-0.90
916;-1.55
917;-2.00
918;-2.35
919;-2.65
920;-2.75
921;-2.30
922;-1.60
923;-1.10
924;-0.70
925;-0.30
926;0.00
927;0.10
928;-0.10
929;-0.60
930;-1.15
931;-1.60
932;-2.05
933;-2.50
934;-2.95
935;-3.40
936;-3.85
937;-4.15
938;-4.30
939;-4.50
940;-4.65
941;-4.75
942;-4.85
943;-4.95
944;-4.90
945;-4.30
946;-3.25
947;-2.25
948;-1.45
949;-0.85
950;-0.50
951;-0.50
952;-0.85
953;-1.45
954;-1.85
955;-2.00
956;-2.15
957;-2.25
958;-2.40
959;-2.55
960;-2.70
961;-2.85
962;-2.95
963;-3.00
964;-3.05
965;-3.10
966;-3.10
967;-3.15
968;-3.15
969;-2.60
970;-1.55
971;-0.50
972;0.45
973;1.20
974;1.80
975;2.25
976;2.40
977;2.10
978;1.40
979;0.90
980;0.65
981;0.40
982;0.15
983;-0.10
984;-0.35
985;-0.65
986;-0.95
987;-1.25
988;-1.45
989;-1.60
990;-1.75
991;-1.85
992;-1.80
993;-1.25
994;-0.20
995;0.95
996;1.75
997;2.05
998;2.10
999;1.85
1 000;1.45
1 001;1.00
1 002;0.45
1 003;-0.05
1 004;-0.25
1 005;-0.30
1 006;-0.55
1 007;-0.80
1 008;-1.00
1 009;-1.45
1 010;-2.20
1 011;-2.35
1 012;-2.00
1 013;-1.95
1 014;-2.05
1 015;-2.15
1 016;-2.15
1 017;-1.80
1 018;-1.30
1 019;-0.85
1 020;-0.50
1 021;-0.35
1 022;-0.25
1 023;-0.30
1 024;-0.45
1 025;-0.70
1 026;-1.20
1 027;-1.25
1 028;-0.90
1 029;-0.75
1 030;-0.65
1 031;-0.50
1 032;-0.25
1 033;0.05
1 034;0.25
1 035;0.10
1 036;0.25
1 037;0.65
1 038;0.75
1 039;0.80
1 040;0.80
1 041;1.30
1 042;2.20
1 043;3.00
1 044;3.60
1 045;3.95
1 046;4.25
1 047;4.45
1 048;4.45
1 049;4.25
1 050;3.90
1 051;3.55
1 052;3.25
1 053;2.95
1 054;2.65
1 055;2.35
1 056;2.05
1 057;1.30
1 058;0.00
1 059;-1.40
1 060;-2.50
1 061;-3.35
1 062;-4.10
1 063;-4.70
1 064;-5.00
1 065;-4.80
1 066;-4.65
1 067;-4.75
1 068;-5.00
1 069;-5.25
1 070;-5.30
1 071;-5.30
1 072;-5.40
1 073;-5.65
1 074;-6.00
1 075;-6.45
1 076;-6.95
1 077;-7.40
1 078;-7.15
1 079;-6.70
1 080;-6.70
1 081;-6.70
1 082;-6.70
1 083;-6.75
1 084;-6.85
1 085;-6.90
1 086;-6.95
1 087;-7.05
1 088;-6.90
1 089;-5.90
1 090;-4.30
1 091;-2.85
1 092;-1.75
1 093;-1.05
1 094;-0.60
1 095;-0.45
1 096;-0.75
1 097;-1.50
1 098;-2.50
1 099;-3.10
1 100;-3.25
1 101;-3.40
1 102;-3.55
1 103;-3.70
1 104;-3.90
1 105;-3.90
1 106;-3.75
1 107;-3.60
1 108;-3.45
1 109;-3.40
1 110;-3.35
1 111;-3.25
1 112;-3.05
1 113;-1.85
1 114;0.25
1 115;1.95
1 116;3.50
1 117;4.80
1 118;5.40
1 119;5.65
1 120;5.65
1 121;5.15
1 122;4.10
1 123;3.40
1 124;3.20
1 125;3.00
1 126;2.80
1 127;2.60
1 128;2.35
1 129;2.05
1 130;1.75
1 131;1.50
1 132;1.30
1 133;1.15
1 134;1.05
1 135;1.00
1 136;1.35
1 137;2.75
1 138;4.05
1 139;4.90
1 140;6.15
1 141;7.45
1 142;8.30
1 143;8.50
1 144;8.15
1 145;7.30
1 146;6.35
1 147;5.50
1 148;4.75
1 149;4.00
1 150;3.25
1 151;2.50
1 152;1.75
1 153;0.95
1 154;0.00
1 155;-0.95
1 156;-1.70
1 157;-2.25
1 158;-2.70
1 159;-3.05
1 160;-2.95
1 161;-1.70
1 162;0.20
1 163;1.85
1 164;3.20
1 165;4.20
1 166;4.80
1 167;5.00
1 168;4.65
1 169;3.75
1 170;2.55
1 171;1.65
1 172;1.20
1 173;0.75
1 174;0.30
1 175;-0.15
1 176;-0.60
1 177;-0.85
1 178;-0.95
1 179;-1.05
1 180;-1.10
1 181;-1.15
1 182;-1.20
1 183;-1.20
1 184;-1.00
1 185;0.25
1 186;2.35
1 187;4.35
1 188;5.95
1 189;6.95
1 190;7.50
1 191;7.85
1 192;7.75
1 193;7.00
1 194;5.85
1 195;5.15
1 196;5.00
1 197;4.80
1 198;4.60
1 199;4.45
1 200;4.30
1 201;4.10
1 202;3.85
1 203;3.60
1 204;3.40
1 205;3.25
1 206;3.15
1 207;3.10
1 208;3.35
1 209;4.05
1 210;4.65
1 211;4.75
1 212;5.00
1 213;5.70
1 214;6.45
1 215;6.80
1 216;7.00
1 217;7.05
1 218;6.60
1 219;6.30
1 220;6.30
1 221;6.30
1 222;6.30
1 223;6.30
1 224;6.30
1 225;6.35
1 226;6.45
1 227;6.55
1 228;6.65
1 229;6.70
1 230;6.75
1 231;6.80
1 232;7.10
1 233;7.80
1 234;8.65
1 235;9.65
1 236;10.60
1 237;11.75
1 238;12.80
1 239;13.15
1 240;13.20
1 241;13.05
1 242;12.50
1 243;11.90
1 244;11.55
1 245;11.20
1 246;10.80
1 247;10.45
1 248;10.10
1 249;9.65
1 250;9.20
1 251;8.75
1 252;8.45
1 253;8.30
1 254;8.15
1 255;8.15
1 256;8.55
1 257;9.45
1 258;10.60
1 259;11.80
1 260;12.90
1 261;13.80
1 262;14.45
1 263;14.25
1 264;13.80
1 265;14.05
1 266;13.95
1 267;13.20
1 268;12.40
1 269;11.60
1 270;10.80
1 271;10.00
1 272;9.20
1 273;8.15
1 274;6.85
1 275;5.50
1 276;4.40
1 277;3.65
1 278;3.05
1 279;2.75
1 280;2.85
1 281;3.40
1 282;4.25
1 283;5.15
1 284;5.90
1 285;6.45
1 286;6.85
1 287;7.00
1 288;6.80
1 289;6.30
1 290;5.60
1 291;5.00
1 292;4.65
1 293;4.30
1 294;3.95
1 295;3.60
1 296;3.25
1 297;3.15
1 298;3.30
1 299;3.50
1 300;3.65
1 301;3.75
1 302;3.85
1 303;3.95
1 304;4.20
1 305;4.85
1 306;5.65
1 307;6.30
1 308;6.80
1 309;7.20
1 310;7.50
1 311;7.65
1 312;7.65
1 313;7.40
1 314;7.00
1 315;6.65
1 316;6.35
1 317;5.95
1 318;5.25
1 319;4.90
1 320;4.80
1 321;4.40
1 322;3.80
1 323;3.05
1 324;2.50
1 325;2.15
1 326;1.85
1 327;1.70
1 328;1.85
1 329;2.45
1 330;3.20
1 331;3.80
1 332;4.85
1 333;6.25
1 334;7.15
1 335;7.75
1 336;8.05
1 337;7.70
1 338;7.00
1 339;6.25
1 340;5.60
1 341;4.95
1 342;4.25
1 343;3.55
1 344;2.90
1 345;2.25
1 346;1.55
1 347;0.85
1 348;0.35
1 349;0.00
1 350;-0.35
1 351;-0.50
1 352;-0.40
1 353;0.20
1 354;1.25
1 355;2.25
1 356;3.45
1 357;4.70
1 358;5.45
1 359;5.85
1 360;6.00
1 361;5.75
1 362;5.00
1 363;4.45
1 364;4.35
1 365;4.25
1 366;4.15
1 367;4.05
1 368;4.00
1 369;4.10
1 370;4.35
1 371;4.65
1 372;4.90
1 373;4.85
1 374;5.00
1 375;5.35
1 376;5.45
1 377;5.80
1 378;6.25
1 379;6.50
1 380;6.70
1 381;6.95
1 382;8.05
1 383;9.55
1 384;10.35
1 385;10.60
1 386;10.35
1 387;9.90
1 388;9.50
1 389;9.10
1 390;8.70
1 391;8.30
1 392;7.90
1 393;7.30
1 394;6.50
1 395;5.70
1 396;5.10
1 397;4.70
1 398;4.35
1 399;4.20
1 400;4.75
1 401;6.10
1 402;7.85
1 403;9.65
1 404;11.25
1 405;12.50
1 406;13.20
1 407;13.45
1 408;13.20
1 409;12.40
1 410;11.30
1 411;10.25
1 412;9.40
1 413;8.55
1 414;7.70
1 415;6.85
1 416;6.00
1 417;5.25
1 418;4.45
1 419;3.60
1 420;3.00
1 421;2.60
1 422;2.25
1 423;2.05
1 424;2.45
1 425;3.55
1 426;4.80
1 427;5.95
1 428;6.95
1 429;7.70
1 430;8.15
1 431;8.30
1 432;8.10
1 433;7.50
1 434;6.65
1 435;6.05
1 436;5.75
1 437;5.40
1 438;5.05
1 439;4.75
1 440;4.40
1 441;3.95
1 442;3.90
1 443;4.10
1 444;4.00
1 445;3.95
1 446;4.05
1 447;4.10
1 448;4.15
1 449;4.35
1 450;4.65
1 451;4.90
1 452;5.10
1 453;5.30
1 454;5.45
1 455;5.50
1 456;5.45
1 457;5.35
1 458;5.20
1 459;4.75
1 460;3.65
1 461;3.70
1 462;4.35
1 463;3.80
1 464;3.65
1 465;3.50
1 466;2.50
1 467;1.25
1 468;0.30
1 469;-0.30
1 470;-0.85
1 471;-1.15
1 472;-0.80
1 473;0.10
1 474;1.20
1 475;2.45
1 476;3.65
1 477;4.60
1 478;5.25
1 479;5.55
1 480;5.55
1 481;5.10
1 482;4.15
1 483;3.35
1 484;2.80
1 485;2.25
1 486;1.70
1 487;1.15
1 488;0.60
1 489;0.25
1 490;0.10
1 491;-0.05
1 492;-0.15
1 493;-0.25
1 494;-0.30
1 495;-0.35
1 496;-0.55
1 497;-0.20
1 498;0.65
1 499;1.25
1 500;1.60
1 501;1.85
1 502;2.05
1 503;2.10
1 504;2.05
1 505;1.90
1 506;1.65
1 507;1.35
1 508;1.00
1 509;0.65
1 510;0.35
1 511;0.00
1 512;-0.35
1 513;-0.75
1 514;-1.25
1 515;-1.75
1 516;-2.15
1 517;-2.40
1 518;-2.65
1 519;-2.75
1 520;-2.05
1 521;-0.60
1 522;1.05
1 523;2.70
1 524;4.15
1 525;5.25
1 526;5.90
1 527;6.15
1 528;6.00
1 529;5.35
1 530;4.25
1 531;3.45
1 532;3.10
1 533;2.70
1 534;2.30
1 535;1.95
1 536;1.60
1 537;1.35
1 538;1.20
1 539;1.05
1 540;1.00
1 541;0.95
1 542;0.90
1 543;0.95
1 544;1.45
1 545;2.35
1 546;3.35
1 547;4.35
1 548;5.15
1 549;5.80
1 550;6.30
1 551;6.55
1 552;6.45
1 553;6.05
1 554;5.45
1 555;4.85
1 556;4.30
1 557;3.75
1 558;3.25
1 559;2.70
1 560;2.15
1 561;1.60
1 562;0.95
1 563;0.25
1 564;-0.25
1 565;-0.60
1 566;-0.90
1 567;-1.00
1 568;-0.45
1 569;0.85
1 570;2.35
1 571;3.75
1 572;5.00
1 573;5.95
1 574;6.50
1 575;6.75
1 576;6.55
1 577;5.90
1 578;5.00
1 579;4.15
1 580;3.45
1 581;2.75
1 582;2.05
1 583;1.35
1 584;0.65
1 585;0.00
1 586;-0.65
1 587;-1.35
1 588;-1.95
1 589;-2.40
1 590;-2.75
1 591;-2.95
1 592;-2.90
1 593;-2.65
1 594;-2.30
1 595;-1.95
1 596;-1.65
1 597;-1.40
1 598;-1.30
1 599;-1.30
1 600;-1.40
1 601;-1.70
1 602;-2.10
1 603;-2.50
1 604;-2.90
1 605;-3.25
1 606;-3.60
1 607;-3.95
1 608;-3.70
1 609;-3.30
1 610;-3.30
1 611;-3.30
1 612;-3.35
1 613;-3.40
1 614;-3.40
1 615;-3.35
1 616;-2.60
1 617;-1.20
1 618;-0.45
1 619;-0.40
1 620;0.45
1 621;1.80
1 622;2.00
1 623;1.60
1 624;1.55
1 625;1.55
1 626;1.15
1 627;0.60
1 628;0.20
1 629;-0.20
1 630;-0.60
1 631;-1.00
1 632;-1.40
1 633;-1.75
1 634;-2.05
1 635;-2.35
1 636;-2.60
1 637;-2.80
1 638;-2.95
1 639;-2.95
1 640;-2.10
1 641;-0.45
1 642;1.20
1 643;2.75
1 644;4.05
1 645;4.95
1 646;5.50
1 647;5.75
1 648;5.65
1 649;5.05
1 650;4.00
1 651;3.10
1 652;2.50
1 653;1.90
1 654;1.30
1 655;0.75
1 656;0.20
1 657;-0.30
1 658;-0.70
1 659;-1.05
1 660;-1.30
1 661;-1.50
1 662;-1.65
1 663;-1.60
1 664;-0.55
1 665;1.45
1 666;3.55
1 667;5.55
1 668;7.25
1 669;8.55
1 670;9.45
1 671;9.90
1 672;9.80
1 673;9.05
1 674;7.80
1 675;6.65
1 676;5.80
1 677;5.00
1 678;4.20
1 679;3.40
1 680;2.60
1 681;1.80
1 682;1.00
1 683;0.15
1 684;-0.50
1 685;-0.95
1 686;-1.35
1 687;-1.45
1 688;-0.60
1 689;1.00
1 690;2.65
1 691;4.25
1 692;5.60
1 693;6.65
1 694;7.35
1 695;7.65
1 696;7.50
1 697;6.85
1 698;5.80
1 699;4.85
1 700;4.20
1 701;3.60
1 702;2.95
1 703;2.30
1 704;1.65
1 705;1.15
1 706;0.80
1 707;0.40
1 708;0.10
1 709;-0.10
1 710;-0.25
1 711;-0.15
1 712;0.90
1 713;2.85
1 714;4.75
1 715;6.35
1 716;7.60
1 717;8.40
1 718;8.85
1 719;8.85
1 720;8.45
1 721;7.75
1 722;6.65
1 723;5.80
1 724;5.40
1 725;5.00
1 726;4.55
1 727;4.10
1 728;3.70
1 729;3.35
1 730;3.05
1 731;2.75
1 732;2.50
1 733;2.30
1 734;2.15
1 735;2.25
1 736;3.10
1 737;4.25
1 738;5.15
1 739;5.95
1 740;6.80
1 741;7.75
1 742;8.45
1 743;8.85
1 744;9.10
1 745;9.05
1 746;8.45
1 747;7.75
1 748;7.20
1 749;6.65
1 750;6.10
1 751;5.50
1 752;4.95
1 753;4.45
1 754;3.95
1 755;3.45
1 756;3.05
1 757;2.80
1 758;2.60
1 759;2.50
1 760;3.05
1 761;4.15
1 762;5.50
1 763;7.05
1 764;8.55
1 765;9.80
1 766;10.50
1 767;10.85
1 768;11.05
1 769;10.80
1 770;9.90
1 771;9.10
1 772;8.65
1 773;8.15
1 774;7.70
1 775;7.25
1 776;6.75
1 777;6.40
1 778;6.10
1 779;5.70
1 780;5.40
1 781;5.20
1 782;5.00
1 783;4.85
1 784;5.35
1 785;6.45
1 786;7.25
1 787;7.80
1 788;7.90
1 789;7.75
1 790;8.15
1 791;8.55
1 792;8.65
1 793;8.70
1 794;8.40
1 795;8.25
1 796;8.50
1 797;8.70
1 798;8.95
1 799;9.20
1 800;9.40
1 801;9.65
1 802;10.00
1 803;10.40
1 804;10.75
1 805;11.00
1 806;11.20
1 807;11.40
1 808;11.75
1 809;12.00
1 810;12.30
1 811;12.80
1 812;13.15
1 813;13.35
1 814;14.40
1 815;16.05
1 816;16.95
1 817;17.25
1 818;17.05
1 819;16.55
1 820;16.05
1 821;15.55
1 822;15.05
1 823;14.55
1 824;14.05
1 825;13.35
1 826;12.40
1 827;11.40
1 828;10.65
1 829;10.15
1 830;9.70
1 831;9.50
1 832;9.55
1 833;9.65
1 834;9.80
1 835;9.95
1 836;10.05
1 837;10.10
1 838;10.05
1 839;9.95
1 840;9.80
1 841;9.35
1 842;9.25
1 843;9.30
1 844;8.85
1 845;8.40
1 846;7.95
1 847;7.45
1 848;7.00
1 849;6.65
1 850;6.35
1 851;6.05
1 852;5.85
1 853;5.70
1 854;5.55
1 855;5.65
1 856;6.65
1 857;7.80
1 858;8.35
1 859;8.80
1 860;9.25
1 861;9.80
1 862;10.75
1 863;11.95
1 864;12.60
1 865;12.40
1 866;11.75
1 867;11.05
1 868;10.35
1 869;9.65
1 870;8.95
1 871;8.25
1 872;7.60
1 873;6.90
1 874;6.10
1 875;5.25
1 876;4.60
1 877;4.20
1 878;3.85
1 879;3.75
1 880;4.20
1 881;5.35
1 882;6.35
1 883;7.20
1 884;7.90
1 885;8.40
1 886;8.75
1 887;8.70
1 888;8.35
1 889;7.70
1 890;7.10
1 891;6.45
1 892;5.90
1 893;5.50
1 894;5.05
1 895;4.60
1 896;4.20
1 897;3.90
1 898;3.70
1 899;3.55
1 900;3.45
1 901;3.40
1 902;3.40
1 903;3.45
1 904;3.65
1 905;4.10
1 906;4.50
1 907;4.65
1 908;5.05
1 909;6.35
1 910;7.85
1 911;9.15
1 912;10.30
1 913;10.75
1 914;10.45
1 915;9.70
1 916;9.05
1 917;8.60
1 918;8.15
1 919;7.70
1 920;7.30
1 921;6.75
1 922;6.05
1 923;5.35
1 924;4.80
1 925;4.40
1 926;4.05
1 927;4.25
1 928;5.65
1 929;7.65
1 930;9.40
1 931;11.00
1 932;12.45
1 933;13.60
1 934;14.40
1 935;14.75
1 936;14.65
1 937;14.00
1 938;12.85
1 939;11.50
1 940;10.50
1 941;9.90
1 942;9.30
1 943;8.70
1 944;8.10
1 945;7.60
1 946;7.15
1 947;6.80
1 948;6.60
1 949;6.40
1 950;6.30
1 951;6.45
1 952;6.80
1 953;7.40
1 954;8.10
1 955;8.85
1 956;9.50
1 957;9.85
1 958;10.05
1 959;10.00
1 960;9.70
1 961;9.30
1 962;8.85
1 963;8.40
1 964;8.10
1 965;7.95
1 966;7.80
1 967;7.55
1 968;7.20
1 969;7.10
1 970;7.25
1 971;7.30
1 972;7.20
1 973;7.15
1 974;7.15
1 975;7.25
1 976;7.55
1 977;7.90
1 978;8.30
1 979;8.65
1 980;8.95
1 981;9.25
1 982;9.50
1 983;9.65
1 984;9.70
1 985;9.65
1 986;9.45
1 987;9.20
1 988;8.80
1 989;8.25
1 990;7.50
1 991;7.30
1 992;7.55
1 993;7.35
1 994;6.95
1 995;6.65
1 996;6.50
1 997;6.35
1 998;6.30
1 999;6.45
2 000;6.85
2 001;7.35
2 002;7.75
2 003;8.30
2 004;8.80
2 005;9.10
2 006;9.40
2 007;9.50
2 008;9.50
2 009;9.40
2 010;9.10
2 011;8.70
2 012;8.20
2 013;7.60
2 014;7.00
2 015;6.40
2 016;5.80
2 017;5.05
2 018;4.10
2 019;3.35
2 020;2.85
2 021;2.40
2 022;2.15
2 023;2.55
2 024;3.65
2 025;5.10
2 026;6.85
2 027;8.65
2 028;10.10
2 029;11.15
2 030;11.75
2 031;11.95
2 032;11.80
2 033;11.15
2 034;10.10
2 035;8.90
2 036;8.10
2 037;7.70
2 038;7.30
2 039;6.90
2 040;6.50
2 041;6.30
2 042;6.35
2 043;6.45
2 044;6.55
2 045;6.65
2 046;6.70
2 047;7.20
2 048;8.40
2 049;10.40
2 050;12.80
2 051;14.65
2 052;16.05
2 053;17.20
2 054;17.80
2 055;17.75
2 056;17.20
2 057;16.25
2 058;15.10
2 059;14.00
2 060;13.10
2 061;12.30
2 062;11.50
2 063;10.70
2 064;9.90
2 065;8.95
2 066;7.75
2 067;6.80
2 068;6.15
2 069;5.55
2 070;5.25
2 071;5.75
2 072;7.20
2 073;9.20
2 074;11.30
2 075;13.25
2 076;14.95
2 077;16.30
2 078;17.20
2 079;17.65
2 080;17.65
2 081;17.00
2 082;15.75
2 083;14.20
2 084;12.75
2 085;11.50
2 086;10.25
2 087;8.95
2 088;7.70
2 089;6.75
2 090;6.05
2 091;5.55
2 092;5.20
2 093;4.85
2 094;4.70
2 095;5.20
2 096;6.40
2 097;7.45
2 098;8.25
2 099;9.35
2 100;10.80
2 101;12.05
2 102;12.80
2 103;13.15
2 104;13.20
2 105;13.05
2 106;12.45
2 107;11.45
2 108;10.60
2 109;10.05
2 110;9.50
2 111;8.90
2 112;8.30
2 113;7.85
2 114;7.60
2 115;7.45
2 116;7.30
2 117;7.20
2 118;7.20
2 119;7.25
2 120;7.85
2 121;8.45
2 122;8.90
2 123;9.55
2 124;10.15
2 125;11.15
2 126;12.55
2 127;13.65
2 128;14.20
2 129;14.20
2 130;13.65
2 131;12.90
2 132;12.35
2 133;12.00
2 134;11.60
2 135;11.20
2 136;10.85
2 137;10.45
2 138;9.95
2 139;9.55
2 140;9.30
2 141;9.10
2 142;9.00
2 143;9.15
2 144;9.85
2 145;11.75
2 146;14.40
2 147;16.05
2 148;16.70
2 149;16.90
2 150;16.70
2 151;16.55
2 152;16.50
2 153;16.15
2 154;15.35
2 155;14.45
2 156;13.55
2 157;12.65
2 158;11.75
2 159;10.80
2 160;9.85
2 161;9.00
2 162;8.15
2 163;7.45
2 164;7.00
2 165;6.65
2 166;6.30
2 167;6.45
2 168;7.00
2 169;7.45
2 170;7.90
2 171;8.10
2 172;8.20
2 173;8.30
2 174;8.45
2 175;8.90
2 176;9.25
2 177;9.35
2 178;9.20
2 179;8.80
2 180;8.35
2 181;7.90
2 182;7.45
2 183;6.95
2 184;6.40
2 185;6.10
2 186;6.05
2 187;5.95
2 188;5.85
2 189;5.75
2 190;5.75
2 191;6.15
2 192;7.00
2 193;8.10
2 194;9.25
2 195;10.25
2 196;11.00
2 197;11.55
2 198;12.00
2 199;12.25
2 200;12.20
2 201;11.85
2 202;11.30
2 203;10.70
2 204;9.95
2 205;9.00
2 206;8.05
2 207;7.15
2 208;6.25
2 209;5.30
2 210;4.20
2 211;3.25
2 212;2.55
2 213;1.95
2 214;1.65
2 215;1.95
2 216;2.85
2 217;3.95
2 218;5.15
2 219;6.30
2 220;7.30
2 221;8.05
2 222;8.40
2 223;8.45
2 224;8.20
2 225;7.70
2 226;6.95
2 227;6.00
2 228;5.30
2 229;4.95
2 230;4.65
2 231;4.30
2 232;3.95
2 233;4.00
2 234;4.45
2 235;4.85
2 236;5.10
2 237;5.30
2 238;5.40
2 239;6.10
2 240;7.70
2 241;9.50
2 242;11.25
2 243;12.85
2 244;14.25
2 245;15.35
2 246;16.10
2 247;16.50
2 248;16.50
2 249;16.05
2 250;15.20
2 251;14.10
2 252;13.40
2 253;13.20
2 254;13.00
2 255;12.85
2 256;12.70
2 257;12.45
2 258;12.20
2 259;12.00
2 260;11.85
2 261;11.75
2 262;11.70
2 263;12.25
2 264;13.45
2 265;14.75
2 266;16.05
2 267;17.25
2 268;18.25
2 269;19.00
2 270;19.50
2 271;19.70
2 272;19.55
2 273;19.15
2 274;18.45
2 275;17.55
2 276;16.85
2 277;16.35
2 278;15.80
2 279;15.25
2 280;14.70
2 281;14.20
2 282;13.55
2 283;13.20
2 284;13.20
2 285;13.05
2 286;13.00
2 287;13.20
2 288;13.70
2 289;14.35
2 290;15.00
2 291;15.60
2 292;16.10
2 293;16.45
2 294;16.70
2 295;16.80
2 296;16.75
2 297;16.55
2 298;16.15
2 299;15.70
2 300;15.20
2 301;14.80
2 302;14.60
2 303;14.35
2 304;14.00
2 305;13.75
2 306;13.65
2 307;13.55
2 308;13.50
2 309;13.45
2 310;13.45
2 311;13.90
2 312;14.85
2 313;15.95
2 314;17.00
2 315;17.85
2 316;18.40
2 317;19.00
2 318;19.50
2 319;19.65
2 320;19.65
2 321;19.40
2 322;18.90
2 323;18.25
2 324;17.55
2 325;16.80
2 326;16.00
2 327;15.20
2 328;14.40
2 329;13.60
2 330;12.75
2 331;12.05
2 332;11.55
2 333;11.15
2 334;11.00
2 335;11.65
2 336;13.20
2 337;14.95
2 338;16.60
2 339;18.10
2 340;19.35
2 341;20.35
2 342;20.95
2 343;21.15
2 344;21.05
2 345;20.55
2 346;19.65
2 347;18.45
2 348;17.40
2 349;16.55
2 350;15.65
2 351;14.80
2 352;13.95
2 353;13.25
2 354;12.80
2 355;12.45
2 356;12.20
2 357;12.05
2 358;12.10
2 359;12.55
2 360;13.25
2 361;14.25
2 362;15.60
2 363;17.20
2 364;18.40
2 365;19.20
2 366;19.40
2 367;18.65
2 368;17.75
2 369;16.95
2 370;16.25
2 371;15.60
2 372;15.30
2 373;15.25
2 374;15.25
2 375;15.35
2 376;15.40
2 377;15.35
2 378;15.30
2 379;15.25
2 380;15.20
2 381;15.20
2 382;15.25
2 383;15.55
2 384;16.10
2 385;16.75
2 386;17.40
2 387;17.95
2 388;18.45
2 389;18.85
2 390;19.10
2 391;19.25
2 392;19.25
2 393;19.10
2 394;18.70
2 395;18.15
2 396;17.75
2 397;17.40
2 398;16.90
2 399;16.35
2 400;15.55
2 401;15.15
2 402;14.95
2 403;14.45
2 404;14.10
2 405;13.80
2 406;13.75
2 407;14.40
2 408;15.90
2 409;17.65
2 410;19.20
2 411;20.55
2 412;21.75
2 413;22.55
2 414;22.90
2 415;23.00
2 416;22.95
2 417;22.50
2 418;21.60
2 419;20.50
2 420;19.15
2 421;17.65
2 422;16.15
2 423;14.65
2 424;13.15
2 425;11.90
2 426;10.85
2 427;10.00
2 428;9.45
2 429;8.95
2 430;8.80
2 431;9.75
2 432;11.50
2 433;13.35
2 434;15.15
2 435;16.75
2 436;18.10
2 437;19.15
2 438;19.90
2 439;20.25
2 440;20.20
2 441;19.70
2 442;18.70
2 443;17.40
2 444;16.05
2 445;14.80
2 446;13.60
2 447;12.40
2 448;11.15
2 449;10.10
2 450;9.30
2 451;8.65
2 452;8.15
2 453;7.75
2 454;7.70
2 455;8.75
2 456;10.70
2 457;12.75
2 458;14.70
2 459;16.45
2 460;17.95
2 461;19.10
2 462;19.90
2 463;20.30
2 464;20.30
2 465;19.75
2 466;18.65
2 467;17.25
2 468;15.90
2 469;14.70
2 470;13.55
2 471;12.40
2 472;11.20
2 473;10.20
2 474;9.35
2 475;8.65
2 476;8.20
2 477;7.80
2 478;7.75
2 479;8.75
2 480;10.60
2 481;12.55
2 482;14.35
2 483;16.00
2 484;17.40
2 485;18.45
2 486;19.10
2 487;19.40
2 488;19.35
2 489;18.80
2 490;17.80
2 491;16.45
2 492;15.15
2 493;14.05
2 494;12.95
2 495;11.85
2 496;10.75
2 497;9.85
2 498;9.10
2 499;8.50
2 500;8.05
2 501;7.65
2 502;7.60
2 503;8.35
2 504;9.70
2 505;11.10
2 506;12.40
2 507;13.50
2 508;14.50
2 509;15.30
2 510;15.75
2 511;15.90
2 512;15.75
2 513;15.25
2 514;14.45
2 515;13.45
2 516;12.60
2 517;11.95
2 518;11.25
2 519;10.60
2 520;9.95
2 521;9.45
2 522;9.15
2 523;8.90
2 524;8.75
2 525;8.65
2 526;8.65
2 527;9.20
2 528;10.15
2 529;11.10
2 530;12.10
2 531;13.05
2 532;13.90
2 533;14.55
2 534;14.95
2 535;15.10
2 536;14.95
2 537;14.60
2 538;13.95
2 539;13.25
2 540;12.65
2 541;11.95
2 542;11.20
2 543;10.45
2 544;9.75
2 545;9.05
2 546;8.35
2 547;7.80
2 548;7.45
2 549;7.15
2 550;7.15
2 551;8.25
2 552;10.15
2 553;12.05
2 554;13.90
2 555;15.60
2 556;17.00
2 557;18.10
2 558;18.85
2 559;19.20
2 560;19.25
2 561;18.80
2 562;17.80
2 563;16.50
2 564;15.10
2 565;13.70
2 566;12.35
2 567;11.00
2 568;9.60
2 569;8.40
2 570;7.30
2 571;6.40
2 572;5.75
2 573;5.20
2 574;5.15
2 575;6.05
2 576;7.60
2 577;9.20
2 578;10.80
2 579;12.25
2 580;13.40
2 581;14.30
2 582;14.90
2 583;15.15
2 584;15.00
2 585;14.40
2 586;13.40
2 587;12.15
2 588;11.05
2 589;10.10
2 590;9.10
2 591;8.10
2 592;7.15
2 593;6.45
2 594;5.95
2 595;5.55
2 596;5.30
2 597;5.10
2 598;5.05
2 599;5.45
2 600;6.20
2 601;6.95
2 602;7.60
2 603;8.25
2 604;8.85
2 605;9.30
2 606;9.60
2 607;9.55
2 608;9.50
2 609;9.40
2 610;8.95
2 611;8.40
2 612;7.90
2 613;7.45
2 614;6.95
2 615;6.45
2 616;5.90
2 617;5.55
2 618;5.40
2 619;5.20
2 620;5.05
2 621;5.00
2 622;5.10
2 623;5.40
2 624;5.95
2 625;6.75
2 626;7.80
2 627;9.10
2 628;10.80
2 629;12.30
2 630;12.95
2 631;13.35
2 632;13.90
2 633;14.15
2 634;13.75
2 635;12.95
2 636;11.95
2 637;10.80
2 638;9.65
2 639;8.55
2 640;7.45
2 641;6.30
2 642;5.00
2 643;3.95
2 644;3.25
2 645;2.65
2 646;2.60
2 647;3.75
2 648;5.65
2 649;7.50
2 650;9.25
2 651;10.85
2 652;12.20
2 653;13.20
2 654;13.80
2 655;14.05
2 656;13.90
2 657;13.25
2 658;12.20
2 659;10.80
2 660;9.55
2 661;8.60
2 662;7.60
2 663;6.60
2 664;5.60
2 665;4.95
2 666;4.60
2 667;4.30
2 668;4.10
2 669;4.00
2 670;4.35
2 671;5.40
2 672;7.10
2 673;9.10
2 674;11.00
2 675;12.75
2 676;14.20
2 677;15.30
2 678;16.10
2 679;16.50
2 680;16.50
2 681;16.05
2 682;15.10
2 683;13.85
2 684;12.70
2 685;11.70
2 686;10.75
2 687;9.80
2 688;8.80
2 689;7.95
2 690;7.25
2 691;6.70
2 692;6.35
2 693;6.20
2 694;6.55
2 695;7.60
2 696;9.20
2 697;11.00
2 698;12.85
2 699;14.65
2 700;16.20
2 701;17.45
2 702;18.35
2 703;18.85
2 704;19.00
2 705;18.70
2 706;17.90
2 707;16.70
2 708;15.25
2 709;13.75
2 710;12.25
2 711;10.75
2 712;9.20
2 713;7.80
2 714;6.50
2 715;5.45
2 716;4.85
2 717;4.55
2 718;4.75
2 719;5.60
2 720;7.00
2 721;8.50
2 722;10.00
2 723;11.45
2 724;12.65
2 725;13.50
2 726;14.00
2 727;14.40
2 728;14.50
2 729;14.05
2 730;13.15
2 731;12.00
2 732;11.00
2 733;10.20
2 734;9.40
2 735;8.60
2 736;7.80
2 737;7.30
2 738;7.10
2 739;6.95
2 740;6.85
2 741;6.80
2 742;7.20
2 743;8.45
2 744;10.35
2 745;12.60
2 746;14.90
2 747;16.85
2 748;17.35
2 749;17.15
2 750;17.40
2 751;17.25
2 752;16.55
2 753;15.60
2 754;14.55
2 755;13.50
2 756;12.65
2 757;11.95
2 758;11.25
2 759;10.55
2 760;9.80
2 761;9.05
2 762;8.35
2 763;7.80
2 764;7.45
2 765;7.25
2 766;7.55
2 767;8.50
2 768;9.75
2 769;11.15
2 770;12.55
2 771;13.80
2 772;14.90
2 773;15.80
2 774;16.40
2 775;16.65
2 776;16.70
2 777;16.40
2 778;15.60
2 779;14.55
2 780;13.65
2 781;12.90
2 782;12.10
2 783;11.30
2 784;10.55
2 785;10.00
2 786;9.60
2 787;9.35
2 788;9.25
2 789;9.10
2 790;9.15
2 791;9.90
2 792;11.20
2 793;11.80
2 794;12.05
2 795;12.40
2 796;12.90
2 797;14.05
2 798;15.05
2 799;15.80
2 800;16.60
2 801;16.95
2 802;16.85
2 803;16.45
2 804;15.45
2 805;14.15
2 806;12.85
2 807;11.55
2 808;10.25
2 809;8.85
2 810;7.30
2 811;6.10
2 812;5.40
2 813;5.10
2 814;5.45
2 815;6.50
2 816;8.05
2 817;9.80
2 818;11.50
2 819;13.05
2 820;14.45
2 821;15.55
2 822;16.25
2 823;16.65
2 824;16.70
2 825;16.30
2 826;15.45
2 827;14.25
2 828;12.85
2 829;11.40
2 830;10.00
2 831;8.60
2 832;7.20
2 833;6.05
2 834;5.20
2 835;4.55
2 836;4.15
2 837;4.00
2 838;3.95
2 839;4.35
2 840;5.15
2 841;6.20
2 842;7.25
2 843;7.85
2 844;8.25
2 845;8.60
2 846;8.95
2 847;9.25
2 848;9.60
2 849;9.85
2 850;9.80
2 851;9.40
2 852;8.60
2 853;7.55
2 854;6.45
2 855;5.40
2 856;4.35
2 857;3.40
2 858;2.50
2 859;1.70
2 860;1.20
2 861;0.90
2 862;1.15
2 863;2.10
2 864;3.35
2 865;4.75
2 866;6.15
2 867;7.40
2 868;8.45
2 869;9.25
2 870;9.85
2 871;10.20
2 872;10.25
2 873;9.95
2 874;9.25
2 875;8.20
2 876;7.40
2 877;7.00
2 878;6.60
2 879;6.20
2 880;5.80
2 881;5.95
2 882;6.60
2 883;7.10
2 884;7.40
2 885;7.50
2 886;7.95
2 887;9.10
2 888;10.65
2 889;12.40
2 890;14.20
2 891;15.85
2 892;17.15
2 893;18.10
2 894;18.80
2 895;19.30
2 896;19.45
2 897;19.15
2 898;18.40
2 899;17.35
2 900;16.25
2 901;15.45
2 902;15.00
2 903;14.55
2 904;14.05
2 905;13.55
2 906;13.05
2 907;12.65
2 908;12.40
2 909;12.30
2 910;12.35
2 911;13.00
2 912;14.30
2 913;15.45
2 914;16.60
2 915;17.25
2 916;17.45
2 917;18.20
2 918;19.10
2 919;19.65
2 920;19.75
2 921;19.55
2 922;19.00
2 923;18.25
2 924;17.50
2 925;16.60
2 926;15.55
2 927;14.50
2 928;13.45
2 929;12.40
2 930;11.40
2 931;10.60
2 932;10.10
2 933;9.90
2 934;10.40
2 935;11.70
2 936;13.40
2 937;15.20
2 938;17.00
2 939;18.65
2 940;20.00
2 941;21.05
2 942;21.80
2 943;22.25
2 944;22.35
2 945;21.95
2 946;21.10
2 947;19.95
2 948;18.65
2 949;17.25
2 950;15.80
2 951;14.40
2 952;13.00
2 953;11.80
2 954;10.80
2 955;10.05
2 956;9.60
2 957;9.35
2 958;9.85
2 959;11.15
2 960;12.80
2 961;14.55
2 962;16.25
2 963;17.80
2 964;19.10
2 965;20.15
2 966;20.90
2 967;21.30
2 968;21.30
2 969;20.90
2 970;20.05
2 971;18.90
2 972;17.65
2 973;16.45
2 974;15.35
2 975;14.30
2 976;13.25
2 977;12.45
2 978;11.90
2 979;11.45
2 980;11.15
2 981;11.00
2 982;11.50
2 983;12.70
2 984;14.25
2 985;15.95
2 986;17.60
2 987;19.15
2 988;20.55
2 989;21.65
2 990;22.45
2 991;22.90
2 992;23.00
2 993;22.75
2 994;22.05
2 995;21.00
2 996;19.80
2 997;18.60
2 998;17.45
2 999;16.30
3 000;15.10
3 001;14.10
3 002;13.30
3 003;12.65
3 004;12.25
3 005;12.10
3 006;12.60
3 007;13.90
3 008;15.50
3 009;17.05
3 010;18.50
3 011;19.80
3 012;20.90
3 013;21.80
3 014;22.45
3 015;22.80
3 016;22.90
3 017;22.65
3 018;21.95
3 019;20.90
3 020;19.75
3 021;18.45
3 022;16.90
3 023;15.35
3 024;13.80
3 025;12.45
3 026;11.30
3 027;10.35
3 028;9.80
3 029;9.55
3 030;9.95
3 031;11.05
3 032;12.45
3 033;14.00
3 034;15.40
3 035;16.55
3 036;17.55
3 037;18.40
3 038;19.05
3 039;19.40
3 040;19.50
3 041;19.25
3 042;18.55
3 043;17.55
3 044;16.45
3 045;15.20
3 046;13.75
3 047;12.30
3 048;10.85
3 049;9.60
3 050;8.60
3 051;7.85
3 052;7.40
3 053;7.15
3 054;7.55
3 055;8.65
3 056;10.10
3 057;11.65
3 058;13.15
3 059;14.55
3 060;15.70
3 061;16.55
3 062;17.15
3 063;17.50
3 064;17.60
3 065;17.35
3 066;16.70
3 067;15.75
3 068;14.60
3 069;13.40
3 070;12.15
3 071;10.85
3 072;9.55
3 073;8.50
3 074;7.65
3 075;6.95
3 076;6.50
3 077;6.25
3 078;6.70
3 079;7.80
3 080;9.15
3 081;10.65
3 082;12.05
3 083;13.30
3 084;14.40
3 085;15.25
3 086;15.80
3 087;16.10
3 088;16.10
3 089;15.75
3 090;15.05
3 091;14.00
3 092;12.80
3 093;11.60
3 094;10.40
3 095;9.15
3 096;7.90
3 097;7.10
3 098;6.65
3 099;6.20
3 100;5.85
3 101;5.65
3 102;6.10
3 103;7.25
3 104;8.60
3 105;10.05
3 106;11.45
3 107;12.70
3 108;13.80
3 109;14.65
3 110;15.20
3 111;15.45
3 112;15.40
3 113;15.00
3 114;14.20
3 115;13.10
3 116;11.90
3 117;10.90
3 118;10.05
3 119;9.20
3 120;8.40
3 121;8.15
3 122;8.40
3 123;8.60
3 124;8.75
3 125;8.80
3 126;9.20
3 127;10.20
3 128;11.35
3 129;12.55
3 130;13.85
3 131;15.00
3 132;16.00
3 133;16.85
3 134;17.50
3 135;17.95
3 136;18.10
3 137;17.90
3 138;17.40
3 139;16.70
3 140;15.90
3 141;14.95
3 142;13.80
3 143;12.65
3 144;11.55
3 145;10.40
3 146;9.20
3 147;8.25
3 148;7.65
3 149;7.35
3 150;7.80
3 151;9.05
3 152;10.10
3 153;10.50
3 154;11.00
3 155;11.75
3 156;12.30
3 157;12.45
3 158;12.35
3 159;12.35
3 160;12.30
3 161;11.80
3 162;11.15
3 163;10.60
3 164;9.80
3 165;9.15
3 166;8.70
3 167;8.05
3 168;7.35
3 169;7.00
3 170;6.95
3 171;6.85
3 172;6.80
3 173;6.80
3 174;7.40
3 175;8.75
3 176;10.25
3 177;11.85
3 178;13.45
3 179;14.95
3 180;16.30
3 181;17.40
3 182;18.25
3 183;18.85
3 184;19.15
3 185;19.00
3 186;18.40
3 187;17.45
3 188;16.30
3 189;15.05
3 190;13.70
3 191;12.35
3 192;11.05
3 193;9.80
3 194;8.60
3 195;7.65
3 196;7.00
3 197;6.70
3 198;7.25
3 199;8.35
3 200;9.70
3 201;11.15
3 202;12.45
3 203;13.65
3 204;14.65
3 205;15.40
3 206;15.95
3 207;16.30
3 208;16.35
3 209;16.00
3 210;15.25
3 211;14.25
3 212;13.15
3 213;12.30
3 214;11.70
3 215;11.10
3 216;10.50
3 217;10.30
3 218;10.50
3 219;10.65
3 220;10.75
3 221;10.85
3 222;11.60
3 223;13.25
3 224;15.20
3 225;17.15
3 226;19.05
3 227;20.75
3 228;21.55
3 229;21.60
3 230;21.55
3 231;21.35
3 232;20.90
3 233;20.25
3 234;19.45
3 235;18.50
3 236;17.50
3 237;16.65
3 238;16.00
3 239;15.35
3 240;14.65
3 241;14.05
3 242;13.25
3 243;12.75
3 244;12.80
3 245;12.80
3 246;13.00
3 247;13.45
3 248;14.00
3 249;14.60
3 250;15.20
3 251;15.75
3 252;16.15
3 253;16.45
3 254;16.65
3 255;16.75
3 256;16.75
3 257;16.60
3 258;16.35
3 259;16.00
3 260;15.50
3 261;15.00
3 262;14.55
3 263;14.10
3 264;13.60
3 265;13.20
3 266;12.75
3 267;12.55
3 268;12.65
3 269;12.65
3 270;12.95
3 271;13.50
3 272;14.10
3 273;14.70
3 274;15.35
3 275;16.05
3 276;16.70
3 277;17.15
3 278;17.45
3 279;17.70
3 280;17.80
3 281;17.70
3 282;17.40
3 283;16.95
3 284;16.45
3 285;15.80
3 286;14.95
3 287;14.15
3 288;13.40
3 289;12.60
3 290;11.80
3 291;11.10
3 292;10.75
3 293;10.75
3 294;11.15
3 295;12.00
3 296;12.95
3 297;13.85
3 298;14.75
3 299;15.55
3 300;16.20
3 301;16.75
3 302;17.15
3 303;17.30
3 304;17.25
3 305;17.05
3 306;16.55
3 307;15.85
3 308;15.10
3 309;14.45
3 310;13.90
3 311;13.30
3 312;12.70
3 313;12.35
3 314;12.20
3 315;12.05
3 316;11.95
3 317;12.00
3 318;12.70
3 319;13.95
3 320;15.25
3 321;16.50
3 322;17.75
3 323;18.90
3 324;19.80
3 325;20.45
3 326;20.85
3 327;21.05
3 328;21.00
3 329;20.65
3 330;20.00
3 331;19.15
3 332;18.25
3 333;17.55
3 334;17.05
3 335;16.50
3 336;15.95
3 337;15.65
3 338;15.50
3 339;15.30
3 340;15.15
3 341;15.20
3 342;16.05
3 343;17.70
3 344;19.50
3 345;21.30
3 346;23.00
3 347;24.55
3 348;25.90
3 349;26.95
3 350;27.70
3 351;28.10
3 352;28.20
3 353;27.90
3 354;27.15
3 355;26.10
3 356;24.85
3 357;23.40
3 358;21.85
3 359;20.30
3 360;18.75
3 361;17.35
3 362;16.00
3 363;14.90
3 364;14.25
3 365;14.05
3 366;14.80
3 367;16.35
3 368;18.10
3 369;19.90
3 370;21.65
3 371;23.20
3 372;24.50
3 373;25.55
3 374;26.25
3 375;26.60
3 376;26.65
3 377;26.30
3 378;25.50
3 379;24.30
3 380;22.90
3 381;21.60
3 382;20.45
3 383;19.35
3 384;18.25
3 385;17.55
3 386;17.30
3 387;17.10
3 388;16.95
3 389;16.95
3 390;17.25
3 391;17.80
3 392;18.45
3 393;19.15
3 394;19.80
3 395;20.50
3 396;21.15
3 397;21.55
3 398;21.85
3 399;22.05
3 400;22.10
3 401;21.95
3 402;21.55
3 403;20.85
3 404;20.40
3 405;20.05
3 406;19.30
3 407;18.50
3 408;17.70
3 409;17.00
3 410;16.35
3 411;15.85
3 412;15.60
3 413;15.60
3 414;16.30
3 415;17.75
3 416;19.45
3 417;21.20
3 418;22.80
3 419;24.15
3 420;24.70
3 421;24.45
3 422;24.05
3 423;23.60
3 424;23.15
3 425;22.55
3 426;21.85
3 427;21.10
3 428;20.30
3 429;19.30
3 430;18.10
3 431;16.85
3 432;15.60
3 433;14.45
3 434;13.25
3 435;12.25
3 436;11.65
3 437;11.50
3 438;12.30
3 439;13.85
3 440;15.55
3 441;17.25
3 442;18.90
3 443;20.35
3 444;21.55
3 445;22.55
3 446;23.25
3 447;23.60
3 448;23.65
3 449;23.30
3 450;22.50
3 451;21.40
3 452;20.10
3 453;18.75
3 454;17.45
3 455;16.15
3 456;14.85
3 457;13.95
3 458;13.40
3 459;12.95
3 460;12.65
3 461;12.60
3 462;13.45
3 463;15.00
3 464;16.65
3 465;18.40
3 466;20.05
3 467;21.40
3 468;22.50
3 469;23.35
3 470;23.95
3 471;24.30
3 472;24.30
3 473;23.90
3 474;23.10
3 475;22.00
3 476;20.80
3 477;19.75
3 478;18.85
3 479;18.00
3 480;17.15
3 481;16.55
3 482;16.25
3 483;16.00
3 484;15.80
3 485;15.85
3 486;16.80
3 487;18.75
3 488;21.05
3 489;22.75
3 490;23.75
3 491;24.05
3 492;23.90
3 493;24.10
3 494;24.25
3 495;23.85
3 496;23.25
3 497;22.80
3 498;22.30
3 499;21.65
3 500;20.90
3 501;19.95
3 502;18.85
3 503;17.75
3 504;16.65
3 505;15.80
3 506;15.10
3 507;14.50
3 508;14.10
3 509;14.05
3 510;15.00
3 511;16.70
3 512;18.50
3 513;20.35
3 514;22.15
3 515;23.75
3 516;25.10
3 517;26.15
3 518;26.90
3 519;27.30
3 520;27.40
3 521;27.10
3 522;26.30
3 523;25.15
3 524;23.75
3 525;22.40
3 526;21.25
3 527;20.10
3 528;18.95
3 529;18.15
3 530;17.65
3 531;17.25
3 532;17.00
3 533;17.00
3 534;17.70
3 535;19.05
3 536;20.40
3 537;21.60
3 538;23.00
3 539;24.55
3 540;25.90
3 541;27.00
3 542;27.75
3 543;28.10
3 544;28.15
3 545;27.85
3 546;27.15
3 547;26.20
3 548;25.10
3 549;23.95
3 550;22.85
3 551;21.80
3 552;20.75
3 553;19.85
3 554;19.15
3 555;18.60
3 556;18.30
3 557;18.20
3 558;18.30
3 559;18.55
3 560;18.85
3 561;19.10
3 562;19.30
3 563;19.55
3 564;19.85
3 565;20.10
3 566;20.25
3 567;20.30
3 568;20.10
3 569;20.05
3 570;20.05
3 571;19.75
3 572;19.45
3 573;18.95
3 574;18.05
3 575;17.65
3 576;17.55
3 577;16.45
3 578;16.00
3 579;16.45
3 580;16.50
3 581;16.60
3 582;16.90
3 583;17.25
3 584;17.60
3 585;18.10
3 586;18.55
3 587;18.85
3 588;19.15
3 589;19.40
3 590;19.50
3 591;19.45
3 592;19.40
3 593;19.35
3 594;19.10
3 595;18.65
3 596;18.40
3 597;18.30
3 598;18.00
3 599;17.30
3 600;17.00
3 601;17.15
3 602;16.95
3 603;16.85
3 604;16.90
3 605;16.95
3 606;17.20
3 607;17.60
3 608;18.00
3 609;18.35
3 610;18.60
3 611;19.00
3 612;19.45
3 613;19.75
3 614;19.95
3 615;19.70
3 616;19.80
3 617;20.15
3 618;20.05
3 619;19.85
3 620;19.50
3 621;19.00
3 622;18.35
3 623;17.50
3 624;16.45
3 625;15.45
3 626;14.50
3 627;13.45
3 628;12.65
3 629;12.45
3 630;13.00
3 631;14.05
3 632;15.20
3 633;16.45
3 634;17.65
3 635;18.70
3 636;19.60
3 637;20.35
3 638;20.85
3 639;21.10
3 640;21.10
3 641;20.75
3 642;20.10
3 643;19.20
3 644;18.20
3 645;17.30
3 646;16.50
3 647;15.70
3 648;14.90
3 649;13.55
3 650;13.10
3 651;13.80
3 652;14.20
3 653;14.45
3 654;14.80
3 655;15.45
3 656;16.30
3 657;17.20
3 658;17.95
3 659;18.65
3 660;19.20
3 661;19.55
3 662;19.80
3 663;19.95
3 664;19.90
3 665;19.65
3 666;19.30
3 667;18.65
3 668;17.85
3 669;17.45
3 670;17.05
3 671;16.40
3 672;15.75
3 673;15.30
3 674;14.95
3 675;14.60
3 676;14.45
3 677;14.60
3 678;15.30
3 679;16.35
3 680;17.45
3 681;18.65
3 682;20.05
3 683;21.40
3 684;22.00
3 685;21.80
3 686;21.20
3 687;20.45
3 688;19.75
3 689;19.05
3 690;18.45
3 691;17.95
3 692;17.45
3 693;16.85
3 694;16.20
3 695;15.55
3 696;14.85
3 697;13.85
3 698;12.50
3 699;11.40
3 700;10.70
3 701;10.50
3 702;10.90
3 703;11.85
3 704;13.25
3 705;14.75
3 706;16.00
3 707;16.80
3 708;17.05
3 709;17.05
3 710;16.95
3 711;16.55
3 712;15.90
3 713;15.10
3 714;14.55
3 715;14.05
3 716;13.35
3 717;12.55
3 718;11.60
3 719;10.65
3 720;9.75
3 721;9.30
3 722;9.25
3 723;9.20
3 724;9.15
3 725;9.30
3 726;10.35
3 727;12.15
3 728;14.05
3 729;15.95
3 730;17.80
3 731;19.45
3 732;20.80
3 733;21.85
3 734;22.60
3 735;23.00
3 736;23.05
3 737;22.75
3 738;22.00
3 739;20.85
3 740;19.45
3 741;18.05
3 742;16.75
3 743;15.45
3 744;14.15
3 745;13.05
3 746;12.10
3 747;11.35
3 748;10.90
3 749;10.85
3 750;11.55
3 751;12.70
3 752;13.85
3 753;15.05
3 754;16.15
3 755;17.10
3 756;18.10
3 757;19.05
3 758;19.85
3 759;20.25
3 760;20.30
3 761;20.00
3 762;19.30
3 763;18.40
3 764;17.40
3 765;16.45
3 766;15.50
3 767;14.55
3 768;13.65
3 769;13.00
3 770;12.65
3 771;12.40
3 772;12.25
3 773;12.30
3 774;12.45
3 775;12.60
3 776;12.80
3 777;13.25
3 778;13.80
3 779;14.15
3 780;14.40
3 781;14.75
3 782;15.90
3 783;17.55
3 784;18.55
3 785;18.95
3 786;19.15
3 787;18.95
3 788;18.40
3 789;17.45
3 790;16.10
3 791;15.20
3 792;14.50
3 793;13.45
3 794;12.20
3 795;11.15
3 796;10.50
3 797;10.15
3 798;10.35
3 799;10.75
3 800;11.05
3 801;11.50
3 802;12.15
3 803;12.85
3 804;13.60
3 805;14.30
3 806;14.70
3 807;14.85
3 808;14.90
3 809;14.85
3 810;14.60
3 811;14.10
3 812;13.45
3 813;12.60
3 814;11.60
3 815;10.60
3 816;9.60
3 817;9.10
3 818;9.10
3 819;9.05
3 820;8.95
3 821;9.05
3 822;9.80
3 823;11.05
3 824;12.50
3 825;14.10
3 826;15.55
3 827;16.75
3 828;17.75
3 829;18.50
3 830;19.00
3 831;19.35
3 832;19.45
3 833;19.20
3 834;18.60
3 835;17.70
3 836;16.60
3 837;15.65
3 838;14.95
3 839;14.30
3 840;13.65
3 841;13.25
3 842;13.20
3 843;13.15
3 844;13.10
3 845;13.15
3 846;13.55
3 847;14.25
3 848;14.95
3 849;15.70
3 850;16.45
3 851;17.20
3 852;18.00
3 853;18.60
3 854;18.95
3 855;18.90
3 856;18.80
3 857;18.70
3 858;18.25
3 859;17.75
3 860;16.70
3 861;16.15
3 862;16.05
3 863;15.70
3 864;15.45
3 865;15.10
3 866;14.80
3 867;14.40
3 868;14.05
3 869;14.20
3 870;14.85
3 871;15.65
3 872;16.60
3 873;17.60
3 874;18.55
3 875;19.45
3 876;20.25
3 877;20.85
3 878;21.25
3 879;21.45
3 880;21.50
3 881;21.35
3 882;20.90
3 883;20.30
3 884;19.65
3 885;18.85
3 886;18.00
3 887;17.20
3 888;16.40
3 889;15.70
3 890;15.15
3 891;14.60
3 892;14.30
3 893;14.45
3 894;15.05
3 895;16.40
3 896;17.60
3 897;18.10
3 898;19.10
3 899;20.45
3 900;21.45
3 901;22.55
3 902;23.35
3 903;23.40
3 904;22.85
3 905;22.15
3 906;21.50
3 907;20.75
3 908;20.05
3 909;19.30
3 910;18.50
3 911;17.70
3 912;16.90
3 913;16.10
3 914;15.25
3 915;14.30
3 916;13.80
3 917;14.05
3 918;14.90
3 919;16.30
3 920;18.05
3 921;19.90
3 922;21.70
3 923;23.40
3 924;24.85
3 925;26.05
3 926;26.95
3 927;27.50
3 928;27.75
3 929;27.60
3 930;27.00
3 931;26.05
3 932;24.80
3 933;23.40
3 934;22.00
3 935;20.60
3 936;19.15
3 937;17.95
3 938;17.05
3 939;16.15
3 940;15.65
3 941;15.80
3 942;16.50
3 943;17.90
3 944;19.55
3 945;20.75
3 946;21.35
3 947;22.00
3 948;22.50
3 949;22.70
3 950;22.95
3 951;22.95
3 952;22.45
3 953;21.85
3 954;21.35
3 955;20.65
3 956;20.00
3 957;19.25
3 958;18.40
3 959;17.60
3 960;16.80
3 961;16.10
3 962;15.55
3 963;15.00
3 964;14.70
3 965;14.90
3 966;15.30
3 967;15.90
3 968;16.50
3 969;17.00
3 970;17.50
3 971;18.25
3 972;19.40
3 973;20.55
3 974;21.65
3 975;22.50
3 976;22.95
3 977;23.20
3 978;23.30
3 979;23.05
3 980;22.45
3 981;21.60
3 982;20.65
3 983;19.70
3 984;18.75
3 985;17.85
3 986;16.95
3 987;16.05
3 988;15.60
3 989;15.75
3 990;15.90
3 991;16.40
3 992;17.45
3 993;18.45
3 994;19.30
3 995;20.10
3 996;20.85
3 997;21.50
3 998;22.00
3 999;22.25
4 000;22.30
4 001;22.15
4 002;21.80
4 003;21.30
4 004;20.65
4 005;19.95
4 006;19.25
4 007;18.55
4 008;17.85
4 009;17.00
4 010;16.50
4 011;16.25
4 012;16.00
4 013;16.15
4 014;16.50
4 015;17.05
4 016;17.85
4 017;19.00
4 018;20.20
4 019;21.10
4 020;21.90
4 021;22.60
4 022;23.10
4 023;23.45
4 024;23.55
4 025;23.40
4 026;23.10
4 027;22.60
4 028;21.95
4 029;21.10
4 030;20.10
4 031;19.10
4 032;18.10
4 033;17.20
4 034;16.35
4 035;15.45
4 036;14.95
4 037;15.15
4 038;15.90
4 039;17.15
4 040;18.70
4 041;20.35
4 042;22.05
4 043;23.60
4 044;24.95
4 045;26.10
4 046;26.95
4 047;27.45
4 048;27.65
4 049;27.50
4 050;26.95
4 051;26.05
4 052;24.85
4 053;23.75
4 054;22.85
4 055;21.95
4 056;21.00
4 057;20.35
4 058;20.00
4 059;19.60
4 060;19.40
4 061;19.65
4 062;20.45
4 063;21.75
4 064;23.30
4 065;25.00
4 066;26.70
4 067;28.15
4 068;29.45
4 069;30.55
4 070;31.30
4 071;31.80
4 072;32.00
4 073;31.85
4 074;31.35
4 075;30.50
4 076;29.40
4 077;27.95
4 078;26.25
4 079;24.55
4 080;22.85
4 081;21.30
4 082;19.85
4 083;18.40
4 084;17.65
4 085;17.90
4 086;18.80
4 087;20.20
4 088;21.90
4 089;23.75
4 090;25.60
4 091;27.30
4 092;28.80
4 093;30.05
4 094;30.95
4 095;31.50
4 096;31.75
4 097;31.60
4 098;31.00
4 099;30.00
4 100;28.70
4 101;27.15
4 102;25.40
4 103;23.65
4 104;21.95
4 105;20.45
4 106;19.10
4 107;17.75
4 108;17.05
4 109;17.25
4 110;18.05
4 111;19.40
4 112;21.00
4 113;22.70
4 114;24.40
4 115;25.90
4 116;27.20
4 117;28.30
4 118;29.15
4 119;29.65
4 120;29.85
4 121;29.70
4 122;29.15
4 123;28.25
4 124;27.10
4 125;25.70
4 126;24.05
4 127;22.40
4 128;20.75
4 129;19.30
4 130;18.05
4 131;16.75
4 132;16.10
4 133;16.35
4 134;17.15
4 135;18.50
4 136;20.15
4 137;21.90
4 138;23.70
4 139;25.40
4 140;26.85
4 141;28.00
4 142;28.90
4 143;29.50
4 144;29.75
4 145;29.65
4 146;29.10
4 147;28.15
4 148;26.95
4 149;25.55
4 150;24.05
4 151;22.55
4 152;21.10
4 153;20.05
4 154;19.30
4 155;18.65
4 156;18.25
4 157;18.30
4 158;19.05
4 159;20.30
4 160;21.65
4 161;22.90
4 162;24.10
4 163;25.25
4 164;26.15
4 165;26.80
4 166;27.25
4 167;27.45
4 168;27.40
4 169;27.00
4 170;26.30
4 171;25.40
4 172;24.40
4 173;23.40
4 174;22.45
4 175;21.50
4 176;20.50
4 177;19.80
4 178;19.35
4 179;19.00
4 180;18.80
4 181;19.15
4 182;20.05
4 183;20.90
4 184;21.60
4 185;22.30
4 186;23.25
4 187;23.70
4 188;23.95
4 189;24.70
4 190;25.70
4 191;26.30
4 192;26.15
4 193;25.50
4 194;24.60
4 195;23.85
4 196;23.10
4 197;22.50
4 198;22.05
4 199;21.55
4 200;21.05
4 201;20.60
4 202;20.20
4 203;19.90
4 204;19.70
4 205;19.70
4 206;20.40
4 207;21.65
4 208;23.00
4 209;24.35
4 210;25.60
4 211;26.65
4 212;27.40
4 213;27.95
4 214;28.35
4 215;28.55
4 216;28.60
4 217;28.35
4 218;27.75
4 219;27.00
4 220;26.10
4 221;25.00
4 222;23.75
4 223;22.50
4 224;21.25
4 225;20.15
4 226;19.20
4 227;18.50
4 228;18.15
4 229;18.00
4 230;18.10
4 231;18.25
4 232;18.35
4 233;18.50
4 234;18.80
4 235;19.85
4 236;21.10
4 237;22.05
4 238;23.00
4 239;23.70
4 240;24.40
4 241;24.50
4 242;24.25
4 243;24.00
4 244;23.40
4 245;22.50
4 246;21.30
4 247;20.10
4 248;18.95
4 249;17.75
4 250;16.45
4 251;15.45
4 252;14.85
4 253;14.75
4 254;15.40
4 255;16.45
4 256;17.65
4 257;18.95
4 258;20.20
4 259;21.30
4 260;22.35
4 261;23.25
4 262;23.85
4 263;24.25
4 264;24.35
4 265;24.10
4 266;23.55
4 267;22.70
4 268;21.65
4 269;20.45
4 270;19.15
4 271;17.85
4 272;16.55
4 273;15.60
4 274;14.90
4 275;14.30
4 276;13.95
4 277;14.05
4 278;15.10
4 279;16.75
4 280;18.35
4 281;19.80
4 282;21.05
4 283;21.95
4 284;22.40
4 285;22.55
4 286;22.35
4 287;22.00
4 288;21.75
4 289;21.45
4 290;20.95
4 291;20.20
4 292;19.30
4 293;18.30
4 294;17.25
4 295;16.15
4 296;15.10
4 297;14.35
4 298;13.80
4 299;13.35
4 300;13.10
4 301;13.15
4 302;13.90
4 303;15.05
4 304;16.25
4 305;17.60
4 306;18.95
4 307;20.20
4 308;21.30
4 309;22.15
4 310;22.70
4 311;23.00
4 312;23.05
4 313;22.80
4 314;22.20
4 315;21.25
4 316;20.15
4 317;19.30
4 318;18.70
4 319;18.10
4 320;17.50
4 321;17.15
4 322;17.05
4 323;17.00
4 324;16.95
4 325;16.90
4 326;17.25
4 327;18.50
4 328;19.85
4 329;20.45
4 330;20.70
4 331;21.00
4 332;21.50
4 333;22.10
4 334;22.55
4 335;22.85
4 336;23.00
4 337;23.00
4 338;22.75
4 339;22.15
4 340;21.55
4 341;20.75
4 342;19.95
4 343;19.40
4 344;18.35
4 345;17.75
4 346;17.65
4 347;17.10
4 348;16.80
4 349;16.85
4 350;17.35
4 351;18.25
4 352;19.20
4 353;20.20
4 354;21.20
4 355;22.20
4 356;23.00
4 357;23.55
4 358;23.95
4 359;24.15
4 360;24.20
4 361;24.05
4 362;23.60
4 363;23.00
4 364;22.25
4 365;21.35
4 366;20.45
4 367;19.55
4 368;18.65
4 369;17.90
4 370;17.30
4 371;16.80
4 372;16.45
4 373;16.45
4 374;17.25
4 375;18.60
4 376;19.95
4 377;21.25
4 378;22.55
4 379;23.70
4 380;24.70
4 381;25.45
4 382;25.85
4 383;26.25
4 384;26.50
4 385;26.35
4 386;25.85
4 387;25.05
4 388;24.00
4 389;23.00
4 390;22.25
4 391;21.50
4 392;20.70
4 393;20.20
4 394;20.00
4 395;19.85
4 396;19.75
4 397;19.75
4 398;20.10
4 399;20.60
4 400;21.00
4 401;21.40
4 402;22.05
4 403;22.85
4 404;23.50
4 405;24.15
4 406;24.50
4 407;24.90
4 408;25.35
4 409;25.40
4 410;25.20
4 411;24.80
4 412;24.35
4 413;23.50
4 414;22.55
4 415;21.70
4 416;20.70
4 417;19.65
4 418;18.75
4 419;18.10
4 420;17.60
4 421;17.45
4 422;17.65
4 423;17.95
4 424;18.30
4 425;18.80
4 426;19.40
4 427;19.95
4 428;20.40
4 429;20.75
4 430;21.05
4 431;21.25
4 432;21.25
4 433;21.05
4 434;20.70
4 435;20.30
4 436;19.90
4 437;19.50
4 438;19.10
4 439;18.35
4 440;17.95
4 441;17.90
4 442;17.50
4 443;17.65
4 444;17.95
4 445;17.95
4 446;18.25
4 447;18.45
4 448;18.80
4 449;19.35
4 450;18.95
4 451;19.40
4 452;20.60
4 453;20.85
4 454;21.05
4 455;21.25
4 456;21.30
4 457;21.25
4 458;21.10
4 459;20.90
4 460;20.60
4 461;20.10
4 462;19.40
4 463;18.80
4 464;18.35
4 465;17.65
4 466;16.70
4 467;15.90
4 468;15.45
4 469;15.30
4 470;15.70
4 471;16.50
4 472;17.30
4 473;18.15
4 474;19.10
4 475;20.00
4 476;20.75
4 477;21.45
4 478;22.05
4 479;22.45
4 480;22.55
4 481;22.35
4 482;21.80
4 483;21.05
4 484;20.30
4 485;19.65
4 486;19.10
4 487;18.50
4 488;17.95
4 489;17.65
4 490;17.60
4 491;17.60
4 492;17.60
4 493;17.65
4 494;17.75
4 495;18.20
4 496;19.25
4 497;20.65
4 498;22.50
4 499;24.15
4 500;24.90
4 501;25.30
4 502;25.25
4 503;24.60
4 504;23.80
4 505;23.05
4 506;22.40
4 507;21.80
4 508;21.25
4 509;21.15
4 510;21.40
4 511;21.65
4 512;21.90
4 513;21.90
4 514;21.70
4 515;21.60
4 516;21.55
4 517;21.55
4 518;21.85
4 519;22.45
4 520;23.15
4 521;23.75
4 522;24.30
4 523;24.80
4 524;25.25
4 525;25.60
4 526;25.75
4 527;25.80
4 528;25.80
4 529;25.70
4 530;25.40
4 531;24.95
4 532;24.20
4 533;23.85
4 534;23.80
4 535;23.40
4 536;22.95
4 537;22.60
4 538;22.35
4 539;22.10
4 540;21.95
4 541;22.00
4 542;22.75
4 543;24.10
4 544;25.50
4 545;27.00
4 546;28.50
4 547;29.80
4 548;31.00
4 549;31.90
4 550;32.45
4 551;32.80
4 552;33.00
4 553;33.00
4 554;32.55
4 555;31.70
4 556;30.60
4 557;29.25
4 558;27.75
4 559;26.25
4 560;24.75
4 561;23.40
4 562;22.10
4 563;21.05
4 564;20.45
4 565;20.25
4 566;20.85
4 567;22.10
4 568;23.65
4 569;25.30
4 570;26.85
4 571;28.20
4 572;28.70
4 573;28.70
4 574;28.95
4 575;29.15
4 576;29.15
4 577;28.90
4 578;28.40
4 579;27.65
4 580;26.65
4 581;25.30
4 582;23.70
4 583;22.10
4 584;20.50
4 585;19.25
4 586;18.35
4 587;17.65
4 588;17.25
4 589;17.15
4 590;17.85
4 591;19.25
4 592;20.75
4 593;22.30
4 594;23.80
4 595;25.15
4 596;26.35
4 597;27.30
4 598;28.00
4 599;28.45
4 600;28.55
4 601;28.30
4 602;27.65
4 603;26.70
4 604;25.55
4 605;24.20
4 606;22.75
4 607;21.30
4 608;19.85
4 609;18.65
4 610;17.70
4 611;16.90
4 612;16.40
4 613;16.30
4 614;17.10
4 615;18.60
4 616;20.25
4 617;21.95
4 618;23.60
4 619;25.10
4 620;26.40
4 621;27.40
4 622;28.10
4 623;28.50
4 624;28.60
4 625;28.35
4 626;27.65
4 627;26.60
4 628;25.30
4 629;23.90
4 630;22.50
4 631;21.10
4 632;19.70
4 633;18.65
4 634;17.85
4 635;17.20
4 636;16.85
4 637;16.80
4 638;17.60
4 639;19.05
4 640;20.55
4 641;21.90
4 642;23.20
4 643;24.50
4 644;25.55
4 645;26.40
4 646;27.05
4 647;27.40
4 648;27.45
4 649;27.15
4 650;26.50
4 651;25.60
4 652;24.55
4 653;23.15
4 654;21.40
4 655;19.65
4 656;17.95
4 657;16.45
4 658;15.10
4 659;14.05
4 660;13.40
4 661;13.15
4 662;13.80
4 663;15.00
4 664;16.30
4 665;17.65
4 666;19.05
4 667;20.50
4 668;21.15
4 669;21.00
4 670;20.70
4 671;20.30
4 672;19.90
4 673;19.40
4 674;18.70
4 675;17.95
4 676;17.20
4 677;16.35
4 678;15.45
4 679;14.50
4 680;13.55
4 681;12.95
4 682;12.60
4 683;12.30
4 684;12.10
4 685;12.00
4 686;12.40
4 687;13.30
4 688;14.30
4 689;15.40
4 690;16.50
4 691;17.45
4 692;18.25
4 693;18.85
4 694;19.20
4 695;19.30
4 696;19.25
4 697;18.95
4 698;18.40
4 699;17.70
4 700;16.85
4 701;15.95
4 702;15.05
4 703;14.20
4 704;13.35
4 705;12.75
4 706;12.45
4 707;12.20
4 708;12.00
4 709;11.95
4 710;12.60
4 711;13.90
4 712;15.35
4 713;16.75
4 714;18.15
4 715;19.55
4 716;20.80
4 717;21.75
4 718;22.25
4 719;22.50
4 720;22.60
4 721;22.40
4 722;21.85
4 723;20.95
4 724;19.80
4 725;18.65
4 726;17.50
4 727;16.35
4 728;15.25
4 729;14.45
4 730;13.90
4 731;13.40
4 732;13.05
4 733;13.00
4 734;13.80
4 735;15.30
4 736;17.00
4 737;18.85
4 738;20.65
4 739;22.25
4 740;23.60
4 741;24.70
4 742;25.50
4 743;26.00
4 744;26.15
4 745;25.85
4 746;25.15
4 747;24.10
4 748;22.75
4 749;21.55
4 750;20.60
4 751;19.60
4 752;18.65
4 753;18.00
4 754;17.60
4 755;17.25
4 756;17.00
4 757;17.00
4 758;17.75
4 759;19.20
4 760;20.90
4 761;22.65
4 762;24.35
4 763;25.90
4 764;27.20
4 765;28.25
4 766;29.00
4 767;29.45
4 768;29.60
4 769;29.40
4 770;28.75
4 771;27.75
4 772;26.50
4 773;25.10
4 774;23.70
4 775;22.30
4 776;20.90
4 777;19.65
4 778;18.55
4 779;17.70
4 780;17.20
4 781;17.05
4 782;17.70
4 783;19.10
4 784;20.75
4 785;22.45
4 786;24.15
4 787;25.70
4 788;27.05
4 789;28.15
4 790;28.90
4 791;29.35
4 792;29.50
4 793;29.25
4 794;28.55
4 795;27.55
4 796;26.30
4 797;24.65
4 798;22.70
4 799;20.75
4 800;18.80
4 801;17.10
4 802;15.60
4 803;14.40
4 804;13.65
4 805;13.30
4 806;13.80
4 807;14.95
4 808;16.30
4 809;17.65
4 810;19.00
4 811;20.25
4 812;21.30
4 813;22.15
4 814;22.75
4 815;23.10
4 816;23.20
4 817;23.00
4 818;22.45
4 819;21.55
4 820;20.40
4 821;19.50
4 822;18.95
4 823;18.45
4 824;17.90
4 825;17.80
4 826;18.20
4 827;18.45
4 828;18.55
4 829;18.65
4 830;19.50
4 831;21.25
4 832;23.20
4 833;25.25
4 834;27.25
4 835;29.10
4 836;30.70
4 837;32.00
4 838;32.95
4 839;33.50
4 840;33.75
4 841;33.55
4 842;32.80
4 843;31.60
4 844;30.15
4 845;28.70
4 846;27.30
4 847;25.90
4 848;24.50
4 849;23.30
4 850;22.20
4 851;21.30
4 852;20.80
4 853;20.60
4 854;21.20
4 855;22.55
4 856;24.15
4 857;25.75
4 858;27.25
4 859;28.70
4 860;29.45
4 861;29.60
4 862;29.70
4 863;29.60
4 864;29.30
4 865;28.80
4 866;28.05
4 867;27.10
4 868;26.10
4 869;25.15
4 870;24.20
4 871;23.25
4 872;22.35
4 873;21.75
4 874;21.30
4 875;21.10
4 876;21.15
4 877;21.15
4 878;21.50
4 879;22.25
4 880;23.25
4 881;24.25
4 882;25.10
4 883;25.90
4 884;26.65
4 885;27.30
4 886;27.75
4 887;28.00
4 888;28.10
4 889;28.00
4 890;27.65
4 891;27.10
4 892;26.45
4 893;25.45
4 894;24.05
4 895;22.70
4 896;21.40
4 897;20.05
4 898;18.70
4 899;17.65
4 900;17.05
4 901;16.80
4 902;17.30
4 903;18.40
4 904;19.65
4 905;21.00
4 906;22.40
4 907;23.70
4 908;24.80
4 909;25.70
4 910;26.30
4 911;26.55
4 912;26.55
4 913;26.20
4 914;25.50
4 915;24.60
4 916;23.60
4 917;22.25
4 918;20.60
4 919;19.00
4 920;17.40
4 921;16.05
4 922;14.90
4 923;14.00
4 924;13.50
4 925;13.30
4 926;13.75
4 927;14.75
4 928;15.90
4 929;17.15
4 930;18.50
4 931;19.75
4 932;20.80
4 933;21.65
4 934;22.25
4 935;22.60
4 936;22.65
4 937;22.35
4 938;21.70
4 939;20.80
4 940;19.80
4 941;18.75
4 942;17.70
4 943;16.70
4 944;15.65
4 945;14.35
4 946;13.65
4 947;13.80
4 948;13.80
4 949;13.65
4 950;13.75
4 951;14.10
4 952;14.45
4 953;14.70
4 954;15.00
4 955;15.30
4 956;15.50
4 957;15.70
4 958;15.85
4 959;15.95
4 960;16.00
4 961;15.85
4 962;15.65
4 963;15.50
4 964;15.35
4 965;15.05
4 966;14.55
4 967;14.05
4 968;13.50
4 969;13.05
4 970;12.70
4 971;12.40
4 972;12.20
4 973;12.10
4 974;12.60
4 975;13.85
4 976;15.40
4 977;17.00
4 978;18.60
4 979;20.10
4 980;21.40
4 981;22.45
4 982;23.15
4 983;23.55
4 984;23.70
4 985;23.55
4 986;23.00
4 987;22.05
4 988;20.85
4 989;19.90
4 990;19.30
4 991;18.70
4 992;18.10
4 993;17.75
4 994;17.65
4 995;17.55
4 996;17.45
4 997;17.40
4 998;17.70
4 999;18.35
5 000;19.05
5 001;19.80
5 002;20.65
5 003;21.45
5 004;22.10
5 005;22.55
5 006;22.80
5 007;22.85
5 008;22.65
5 009;22.55
5 010;22.45
5 011;22.05
5 012;21.50
5 013;20.95
5 014;20.50
5 015;20.05
5 016;19.55
5 017;19.15
5 018;18.85
5 019;18.65
5 020;18.55
5 021;18.50
5 022;19.05
5 023;20.25
5 024;21.65
5 025;23.20
5 026;24.80
5 027;26.30
5 028;27.55
5 029;28.55
5 030;29.30
5 031;29.75
5 032;29.95
5 033;29.75
5 034;29.10
5 035;28.20
5 036;27.15
5 037;25.65
5 038;23.75
5 039;21.90
5 040;20.05
5 041;18.20
5 042;16.30
5 043;14.75
5 044;13.80
5 045;13.30
5 046;13.45
5 047;14.15
5 048;15.10
5 049;16.10
5 050;17.10
5 051;18.00
5 052;18.75
5 053;19.30
5 054;19.65
5 055;19.80
5 056;19.70
5 057;19.35
5 058;18.70
5 059;17.80
5 060;16.80
5 061;15.95
5 062;15.25
5 063;14.55
5 064;13.90
5 065;13.95
5 066;14.70
5 067;15.30
5 068;15.65
5 069;15.85
5 070;16.50
5 071;17.85
5 072;19.60
5 073;21.60
5 074;23.45
5 075;25.05
5 076;25.90
5 077;26.05
5 078;25.90
5 079;25.45
5 080;24.90
5 081;24.40
5 082;23.80
5 083;23.00
5 084;22.20
5 085;21.40
5 086;20.55
5 087;19.60
5 088;18.55
5 089;17.50
5 090;16.50
5 091;15.50
5 092;14.75
5 093;14.50
5 094;15.05
5 095;16.40
5 096;18.15
5 097;20.05
5 098;21.70
5 099;23.10
5 100;23.90
5 101;24.00
5 102;23.95
5 103;23.70
5 104;23.25
5 105;22.70
5 106;21.95
5 107;21.00
5 108;19.95
5 109;18.95
5 110;18.05
5 111;17.10
5 112;16.15
5 113;15.60
5 114;15.45
5 115;15.35
5 116;15.30
5 117;15.30
5 118;15.35
5 119;15.55
5 120;15.75
5 121;16.70
5 122;18.40
5 123;19.65
5 124;20.45
5 125;21.15
5 126;21.75
5 127;22.00
5 128;22.00
5 129;21.75
5 130;21.15
5 131;20.55
5 132;20.00
5 133;19.20
5 134;18.25
5 135;17.30
5 136;16.30
5 137;15.25
5 138;14.05
5 139;13.05
5 140;12.40
5 141;12.05
5 142;12.40
5 143;13.35
5 144;14.60
5 145;16.00
5 146;17.40
5 147;18.70
5 148;19.75
5 149;20.60
5 150;21.25
5 151;21.60
5 152;21.65
5 153;21.35
5 154;20.65
5 155;19.65
5 156;18.50
5 157;17.20
5 158;15.85
5 159;14.50
5 160;13.15
5 161;12.35
5 162;12.00
5 163;11.70
5 164;11.50
5 165;11.35
5 166;11.60
5 167;12.35
5 168;13.30
5 169;14.40
5 170;15.55
5 171;16.60
5 172;17.50
5 173;18.20
5 174;18.65
5 175;18.85
5 176;18.85
5 177;18.60
5 178;18.05
5 179;17.30
5 180;16.45
5 181;15.55
5 182;14.65
5 183;13.75
5 184;12.85
5 185;12.25
5 186;11.95
5 187;11.70
5 188;11.50
5 189;11.40
5 190;11.90
5 191;13.15
5 192;14.80
5 193;16.60
5 194;18.40
5 195;20.05
5 196;21.45
5 197;22.60
5 198;23.40
5 199;23.85
5 200;23.95
5 201;23.65
5 202;22.90
5 203;21.80
5 204;20.55
5 205;19.25
5 206;17.95
5 207;16.70
5 208;15.45
5 209;14.35
5 210;13.40
5 211;12.65
5 212;12.20
5 213;11.95
5 214;12.30
5 215;13.40
5 216;14.85
5 217;16.40
5 218;17.95
5 219;19.40
5 220;20.70
5 221;21.75
5 222;22.45
5 223;22.85
5 224;23.00
5 225;22.75
5 226;22.05
5 227;21.00
5 228;19.75
5 229;18.45
5 230;17.10
5 231;15.70
5 232;14.35
5 233;13.40
5 234;12.75
5 235;12.20
5 236;11.90
5 237;11.75
5 238;12.00
5 239;13.00
5 240;14.20
5 241;15.30
5 242;16.45
5 243;17.55
5 244;18.45
5 245;19.20
5 246;19.55
5 247;19.25
5 248;18.95
5 249;18.85
5 250;18.65
5 251;18.10
5 252;17.25
5 253;16.55
5 254;16.00
5 255;15.40
5 256;14.80
5 257;14.50
5 258;14.50
5 259;14.50
5 260;14.50
5 261;14.50
5 262;14.55
5 263;14.80
5 264;15.50
5 265;16.50
5 266;17.45
5 267;18.60
5 268;19.95
5 269;20.85
5 270;21.45
5 271;21.85
5 272;22.00
5 273;22.10
5 274;21.85
5 275;21.25
5 276;20.60
5 277;19.65
5 278;18.55
5 279;17.60
5 280;16.55
5 281;15.45
5 282;14.25
5 283;13.30
5 284;12.75
5 285;12.45
5 286;12.70
5 287;13.55
5 288;14.75
5 289;16.10
5 290;17.45
5 291;18.65
5 292;19.70
5 293;20.55
5 294;21.10
5 295;21.40
5 296;21.45
5 297;21.20
5 298;20.65
5 299;19.80
5 300;18.80
5 301;17.85
5 302;16.90
5 303;15.95
5 304;15.05
5 305;14.45
5 306;14.10
5 307;13.80
5 308;13.60
5 309;13.50
5 310;13.90
5 311;14.80
5 312;15.95
5 313;17.25
5 314;18.70
5 315;20.50
5 316;22.15
5 317;23.10
5 318;23.50
5 319;23.75
5 320;23.90
5 321;23.75
5 322;23.30
5 323;22.50
5 324;21.45
5 325;20.55
5 326;19.90
5 327;19.25
5 328;18.60
5 329;18.15
5 330;17.90
5 331;17.75
5 332;17.65
5 333;17.60
5 334;18.00
5 335;19.10
5 336;20.60
5 337;21.85
5 338;22.60
5 339;23.00
5 340;23.15
5 341;23.35
5 342;23.05
5 343;21.75
5 344;21.00
5 345;20.95
5 346;20.70
5 347;20.40
5 348;20.05
5 349;19.65
5 350;19.10
5 351;18.50
5 352;17.95
5 353;17.30
5 354;16.45
5 355;15.75
5 356;15.30
5 357;15.10
5 358;15.45
5 359;16.50
5 360;18.00
5 361;19.70
5 362;21.45
5 363;23.05
5 364;24.40
5 365;25.50
5 366;26.30
5 367;26.75
5 368;26.90
5 369;26.65
5 370;25.90
5 371;24.80
5 372;23.60
5 373;22.45
5 374;21.30
5 375;20.15
5 376;19.05
5 377;18.20
5 378;17.50
5 379;16.90
5 380;16.60
5 381;16.45
5 382;16.60
5 383;17.25
5 384;18.20
5 385;19.10
5 386;19.95
5 387;20.75
5 388;21.30
5 389;21.80
5 390;22.30
5 391;22.70
5 392;23.00
5 393;23.15
5 394;23.10
5 395;22.65
5 396;21.90
5 397;21.20
5 398;20.55
5 399;19.90
5 400;19.30
5 401;18.90
5 402;18.65
5 403;18.45
5 404;18.40
5 405;18.40
5 406;18.75
5 407;19.30
5 408;19.90
5 409;21.00
5 410;22.50
5 411;23.75
5 412;24.50
5 413;24.95
5 414;25.15
5 415;24.75
5 416;24.30
5 417;24.25
5 418;23.90
5 419;23.15
5 420;22.55
5 421;21.95
5 422;21.05
5 423;20.15
5 424;19.20
5 425;18.25
5 426;17.30
5 427;16.50
5 428;16.05
5 429;15.85
5 430;16.10
5 431;16.95
5 432;18.15
5 433;19.60
5 434;21.10
5 435;22.35
5 436;23.30
5 437;24.00
5 438;24.55
5 439;25.05
5 440;25.25
5 441;25.05
5 442;24.50
5 443;23.60
5 444;22.55
5 445;21.50
5 446;20.50
5 447;19.45
5 448;18.40
5 449;17.60
5 450;17.00
5 451;16.55
5 452;16.30
5 453;16.20
5 454;16.45
5 455;17.15
5 456;18.05
5 457;19.50
5 458;21.40
5 459;23.25
5 460;24.90
5 461;25.85
5 462;26.15
5 463;26.00
5 464;25.45
5 465;24.70
5 466;23.85
5 467;22.95
5 468;22.05
5 469;21.25
5 470;20.50
5 471;19.75
5 472;19.00
5 473;18.30
5 474;17.60
5 475;17.00
5 476;16.65
5 477;16.50
5 478;16.85
5 479;17.90
5 480;19.50
5 481;21.30
5 482;23.10
5 483;24.80
5 484;26.30
5 485;27.50
5 486;28.35
5 487;28.85
5 488;28.95
5 489;28.65
5 490;27.85
5 491;26.65
5 492;25.40
5 493;24.30
5 494;23.30
5 495;22.30
5 496;21.35
5 497;20.60
5 498;20.00
5 499;19.50
5 500;19.20
5 501;19.05
5 502;19.35
5 503;20.40
5 504;21.95
5 505;23.75
5 506;25.55
5 507;27.20
5 508;28.65
5 509;29.80
5 510;30.60
5 511;31.05
5 512;31.15
5 513;30.85
5 514;30.05
5 515;28.85
5 516;27.70
5 517;26.70
5 518;25.70
5 519;24.70
5 520;23.75
5 521;23.05
5 522;22.50
5 523;22.10
5 524;21.90
5 525;21.80
5 526;21.95
5 527;22.75
5 528;24.05
5 529;25.40
5 530;26.95
5 531;28.15
5 532;28.70
5 533;29.20
5 534;29.70
5 535;30.15
5 536;30.55
5 537;30.55
5 538;30.20
5 539;29.55
5 540;28.40
5 541;27.05
5 542;25.70
5 543;24.35
5 544;23.00
5 545;21.70
5 546;20.45
5 547;19.45
5 548;18.90
5 549;18.65
5 550;18.85
5 551;19.75
5 552;21.15
5 553;22.75
5 554;24.40
5 555;25.90
5 556;27.20
5 557;28.30
5 558;29.10
5 559;29.55
5 560;29.70
5 561;29.40
5 562;28.65
5 563;27.60
5 564;26.25
5 565;24.75
5 566;23.25
5 567;21.80
5 568;20.35
5 569;19.15
5 570;18.25
5 571;17.55
5 572;17.05
5 573;16.65
5 574;16.70
5 575;17.75
5 576;19.45
5 577;21.10
5 578;22.70
5 579;24.15
5 580;25.35
5 581;26.25
5 582;26.85
5 583;27.20
5 584;27.20
5 585;26.75
5 586;25.90
5 587;24.75
5 588;23.45
5 589;22.15
5 590;20.85
5 591;19.55
5 592;18.30
5 593;17.25
5 594;16.30
5 595;15.50
5 596;14.95
5 597;14.50
5 598;14.50
5 599;15.40
5 600;16.75
5 601;18.20
5 602;19.75
5 603;21.05
5 604;21.95
5 605;22.50
5 606;22.75
5 607;22.75
5 608;22.50
5 609;21.95
5 610;21.10
5 611;20.05
5 612;19.25
5 613;18.80
5 614;18.40
5 615;17.95
5 616;17.50
5 617;17.15
5 618;16.75
5 619;16.85
5 620;17.40
5 621;17.70
5 622;17.90
5 623;18.10
5 624;18.25
5 625;18.90
5 626;19.75
5 627;20.20
5 628;20.60
5 629;20.95
5 630;21.15
5 631;21.25
5 632;21.30
5 633;21.25
5 634;20.90
5 635;20.50
5 636;20.25
5 637;20.05
5 638;18.95
5 639;18.75
5 640;19.55
5 641;19.35
5 642;19.05
5 643;18.80
5 644;18.65
5 645;18.50
5 646;18.60
5 647;19.55
5 648;20.25
5 649;20.60
5 650;21.70
5 651;22.75
5 652;23.05
5 653;22.70
5 654;22.30
5 655;22.80
5 656;23.65
5 657;24.05
5 658;24.10
5 659;23.65
5 660;22.95
5 661;22.25
5 662;21.55
5 663;20.85
5 664;20.15
5 665;19.55
5 666;19.00
5 667;18.55
5 668;18.25
5 669;17.95
5 670;18.00
5 671;19.00
5 672;20.65
5 673;22.35
5 674;23.95
5 675;25.35
5 676;26.55
5 677;27.50
5 678;28.15
5 679;28.45
5 680;28.40
5 681;27.95
5 682;27.05
5 683;25.90
5 684;24.75
5 685;23.65
5 686;22.55
5 687;21.50
5 688;20.45
5 689;19.45
5 690;18.55
5 691;17.85
5 692;17.35
5 693;16.90
5 694;16.85
5 695;17.75
5 696;19.35
5 697;21.00
5 698;22.60
5 699;24.05
5 700;25.25
5 701;26.20
5 702;26.80
5 703;27.05
5 704;27.00
5 705;26.55
5 706;25.65
5 707;24.45
5 708;23.40
5 709;22.60
5 710;21.80
5 711;21.00
5 712;20.20
5 713;19.65
5 714;19.35
5 715;19.10
5 716;18.95
5 717;18.80
5 718;18.85
5 719;19.75
5 720;21.25
5 721;22.70
5 722;24.15
5 723;25.50
5 724;26.65
5 725;27.60
5 726;28.15
5 727;28.35
5 728;28.25
5 729;27.75
5 730;26.95
5 731;25.95
5 732;25.00
5 733;24.20
5 734;23.40
5 735;22.60
5 736;21.80
5 737;21.05
5 738;20.40
5 739;19.90
5 740;19.55
5 741;19.30
5 742;19.20
5 743;19.45
5 744;20.10
5 745;21.40
5 746;23.30
5 747;25.00
5 748;26.10
5 749;26.70
5 750;27.05
5 751;27.00
5 752;26.30
5 753;25.35
5 754;24.45
5 755;23.65
5 756;23.00
5 757;22.45
5 758;21.90
5 759;21.35
5 760;20.80
5 761;20.25
5 762;19.70
5 763;19.25
5 764;18.90
5 765;18.60
5 766;18.60
5 767;19.25
5 768;20.40
5 769;21.55
5 770;22.70
5 771;23.80
5 772;24.65
5 773;25.25
5 774;25.65
5 775;25.85
5 776;25.80
5 777;25.40
5 778;24.70
5 779;23.85
5 780;23.15
5 781;22.60
5 782;22.00
5 783;21.45
5 784;20.90
5 785;20.50
5 786;20.25
5 787;20.00
5 788;19.85
5 789;19.75
5 790;19.85
5 791;20.65
5 792;22.10
5 793;23.65
5 794;24.65
5 795;25.15
5 796;25.45
5 797;25.40
5 798;25.20
5 799;24.75
5 800;24.05
5 801;23.40
5 802;22.80
5 803;22.25
5 804;21.90
5 805;21.80
5 806;21.75
5 807;21.70
5 808;21.45
5 809;21.40
5 810;21.20
5 811;21.15
5 812;21.55
5 813;21.45
5 814;21.55
5 815;22.15
5 816;22.95
5 817;23.85
5 818;24.70
5 819;25.50
5 820;26.25
5 821;26.85
5 822;27.20
5 823;27.50
5 824;27.65
5 825;27.40
5 826;26.90
5 827;26.35
5 828;25.70
5 829;24.90
5 830;24.10
5 831;22.95
5 832;21.45
5 833;19.95
5 834;18.45
5 835;16.95
5 836;15.60
5 837;14.50
5 838;14.05
5 839;14.90
5 840;16.55
5 841;18.30
5 842;20.00
5 843;21.50
5 844;22.75
5 845;23.70
5 846;24.30
5 847;24.55
5 848;24.45
5 849;23.85
5 850;22.75
5 851;21.35
5 852;19.90
5 853;18.55
5 854;17.20
5 855;15.85
5 856;14.55
5 857;13.70
5 858;13.35
5 859;13.10
5 860;12.90
5 861;12.75
5 862;12.80
5 863;13.90
5 864;15.90
5 865;18.00
5 866;20.15
5 867;22.05
5 868;23.60
5 869;24.85
5 870;25.70
5 871;26.10
5 872;26.10
5 873;25.55
5 874;24.40
5 875;22.95
5 876;21.70
5 877;20.70
5 878;19.65
5 879;18.60
5 880;17.60
5 881;16.70
5 882;15.80
5 883;15.05
5 884;14.55
5 885;14.15
5 886;14.05
5 887;14.90
5 888;16.60
5 889;18.45
5 890;20.25
5 891;21.85
5 892;23.25
5 893;24.35
5 894;25.10
5 895;25.50
5 896;25.50
5 897;25.00
5 898;24.00
5 899;22.65
5 900;21.45
5 901;20.55
5 902;19.65
5 903;18.75
5 904;17.85
5 905;17.15
5 906;16.65
5 907;16.30
5 908;16.05
5 909;15.80
5 910;15.80
5 911;16.65
5 912;18.30
5 913;20.10
5 914;21.90
5 915;23.55
5 916;24.90
5 917;25.95
5 918;26.65
5 919;26.95
5 920;26.80
5 921;26.20
5 922;25.20
5 923;23.95
5 924;22.90
5 925;22.05
5 926;21.20
5 927;20.35
5 928;19.50
5 929;18.80
5 930;18.15
5 931;17.65
5 932;17.35
5 933;17.05
5 934;16.95
5 935;17.40
5 936;18.20
5 937;19.85
5 938;21.85
5 939;23.30
5 940;23.65
5 941;23.45
5 942;24.20
5 943;25.00
5 944;24.65
5 945;23.60
5 946;22.65
5 947;21.80
5 948;21.05
5 949;20.35
5 950;19.70
5 951;19.05
5 952;18.35
5 953;17.65
5 954;17.00
5 955;16.50
5 956;16.15
5 957;15.90
5 958;15.80
5 959;16.40
5 960;18.00
5 961;19.40
5 962;20.40
5 963;21.15
5 964;21.70
5 965;22.60
5 966;22.85
5 967;22.40
5 968;21.75
5 969;20.90
5 970;20.15
5 971;19.50
5 972;18.80
5 973;18.00
5 974;17.25
5 975;16.50
5 976;15.70
5 977;14.90
5 978;14.05
5 979;13.35
5 980;12.85
5 981;12.40
5 982;12.20
5 983;12.65
5 984;13.40
5 985;14.00
5 986;14.90
5 987;16.00
5 988;16.85
5 989;17.30
5 990;17.60
5 991;17.90
5 992;18.00
5 993;17.90
5 994;17.50
5 995;16.80
5 996;16.15
5 997;15.60
5 998;15.05
5 999;14.55
6 000;14.05
6 001;13.75
6 002;13.65
6 003;13.60
6 004;13.60
6 005;13.60
6 006;13.65
6 007;14.35
6 008;15.60
6 009;16.75
6 010;17.75
6 011;18.60
6 012;19.45
6 013;20.20
6 014;20.75
6 015;21.15
6 016;21.35
6 017;21.20
6 018;20.60
6 019;19.80
6 020;18.90
6 021;17.85
6 022;16.80
6 023;15.80
6 024;14.75
6 025;13.65
6 026;12.50
6 027;11.55
6 028;10.85
6 029;10.30
6 030;10.10
6 031;10.60
6 032;11.75
6 033;13.05
6 034;14.30
6 035;15.40
6 036;16.30
6 037;16.95
6 038;17.40
6 039;17.60
6 040;17.45
6 041;17.00
6 042;16.25
6 043;15.30
6 044;14.35
6 045;13.50
6 046;12.65
6 047;11.75
6 048;10.90
6 049;10.30
6 050;9.90
6 051;9.60
6 052;9.40
6 053;9.25
6 054;9.20
6 055;9.70
6 056;10.85
6 057;12.10
6 058;13.45
6 059;14.70
6 060;15.70
6 061;16.50
6 062;17.05
6 063;17.40
6 064;17.30
6 065;16.80
6 066;16.05
6 067;15.15
6 068;14.35
6 069;13.60
6 070;12.80
6 071;12.00
6 072;11.20
6 073;10.40
6 074;9.50
6 075;8.70
6 076;8.15
6 077;7.65
6 078;7.35
6 079;7.80
6 080;8.90
6 081;10.15
6 082;11.40
6 083;12.55
6 084;13.50
6 085;14.15
6 086;14.55
6 087;14.65
6 088;14.40
6 089;13.80
6 090;12.85
6 091;11.70
6 092;10.60
6 093;9.65
6 094;8.70
6 095;7.75
6 096;6.80
6 097;6.35
6 098;6.45
6 099;6.50
6 100;6.45
6 101;6.40
6 102;6.40
6 103;7.15
6 104;8.85
6 105;10.80
6 106;12.70
6 107;14.45
6 108;15.90
6 109;17.00
6 110;17.75
6 111;18.10
6 112;18.00
6 113;17.35
6 114;16.25
6 115;14.90
6 116;13.75
6 117;12.85
6 118;11.95
6 119;11.00
6 120;10.05
6 121;9.35
6 122;8.85
6 123;8.45
6 124;8.15
6 125;7.85
6 126;7.75
6 127;8.45
6 128;9.95
6 129;11.65
6 130;13.30
6 131;14.75
6 132;15.90
6 133;16.70
6 134;17.20
6 135;17.45
6 136;17.40
6 137;16.95
6 138;16.05
6 139;14.90
6 140;14.10
6 141;13.65
6 142;13.20
6 143;12.80
6 144;12.35
6 145;12.10
6 146;12.05
6 147;12.00
6 148;11.95
6 149;11.90
6 150;11.95
6 151;12.65
6 152;14.15
6 153;15.90
6 154;17.70
6 155;19.45
6 156;21.05
6 157;22.30
6 158;23.15
6 159;23.60
6 160;23.55
6 161;23.00
6 162;22.00
6 163;20.75
6 164;19.80
6 165;19.20
6 166;18.60
6 167;18.00
6 168;17.35
6 169;16.70
6 170;16.10
6 171;15.65
6 172;14.95
6 173;14.65
6 174;14.95
6 175;15.05
6 176;15.10
6 177;15.25
6 178;15.35
6 179;15.45
6 180;15.70
6 181;15.85
6 182;16.50
6 183;17.45
6 184;18.00
6 185;18.25
6 186;18.15
6 187;17.80
6 188;17.35
6 189;16.85
6 190;16.30
6 191;15.75
6 192;15.25
6 193;14.75
6 194;14.25
6 195;13.85
6 196;13.60
6 197;13.40
6 198;13.35
6 199;13.70
6 200;14.60
6 201;15.70
6 202;16.40
6 203;16.95
6 204;17.60
6 205;18.25
6 206;18.75
6 207;18.75
6 208;18.45
6 209;18.05
6 210;17.45
6 211;16.90
6 212;16.25
6 213;15.40
6 214;14.60
6 215;13.80
6 216;13.00
6 217;12.00
6 218;10.75
6 219;9.70
6 220;8.85
6 221;8.10
6 222;7.70
6 223;7.80
6 224;8.25
6 225;8.80
6 226;9.45
6 227;10.10
6 228;10.70
6 229;11.20
6 230;11.45
6 231;11.45
6 232;11.20
6 233;10.70
6 234;9.95
6 235;9.05
6 236;8.55
6 237;8.45
6 238;8.30
6 239;8.15
6 240;8.05
6 241;8.55
6 242;9.70
6 243;10.65
6 244;11.30
6 245;11.85
6 246;12.20
6 247;12.55
6 248;12.90
6 249;13.50
6 250;14.40
6 251;15.50
6 252;16.90
6 253;18.25
6 254;19.20
6 255;19.65
6 256;19.60
6 257;19.10
6 258;18.50
6 259;18.15
6 260;18.00
6 261;17.80
6 262;17.65
6 263;17.20
6 264;17.00
6 265;16.75
6 266;15.80
6 267;15.10
6 268;14.65
6 269;14.20
6 270;14.05
6 271;14.00
6 272;14.15
6 273;14.20
6 274;14.60
6 275;15.45
6 276;15.80
6 277;15.95
6 278;16.00
6 279;16.00
6 280;15.90
6 281;15.70
6 282;15.40
6 283;15.00
6 284;14.55
6 285;14.10
6 286;13.65
6 287;13.20
6 288;12.75
6 289;12.35
6 290;12.25
6 291;12.05
6 292;12.00
6 293;12.00
6 294;11.90
6 295;12.20
6 296;12.50
6 297;12.80
6 298;13.20
6 299;13.65
6 300;14.10
6 301;14.45
6 302;14.60
6 303;14.70
6 304;14.70
6 305;14.45
6 306;14.25
6 307;13.70
6 308;13.20
6 309;12.50
6 310;12.50
6 311;13.05
6 312;12.85
6 313;12.70
6 314;12.45
6 315;12.25
6 316;12.15
6 317;12.05
6 318;12.05
6 319;12.40
6 320;13.25
6 321;14.30
6 322;15.15
6 323;15.70
6 324;16.40
6 325;17.20
6 326;17.40
6 327;17.20
6 328;17.05
6 329;16.80
6 330;16.30
6 331;15.75
6 332;15.20
6 333;14.65
6 334;14.10
6 335;13.50
6 336;13.00
6 337;12.30
6 338;11.75
6 339;11.55
6 340;11.25
6 341;11.00
6 342;10.85
6 343;10.85
6 344;11.15
6 345;11.70
6 346;12.35
6 347;12.90
6 348;13.30
6 349;13.70
6 350;14.05
6 351;14.20
6 352;14.10
6 353;14.05
6 354;13.85
6 355;13.40
6 356;12.95
6 357;12.50
6 358;12.05
6 359;11.60
6 360;11.15
6 361;10.80
6 362;10.55
6 363;10.30
6 364;10.10
6 365;9.95
6 366;9.90
6 367;10.35
6 368;11.50
6 369;13.00
6 370;14.55
6 371;15.95
6 372;17.15
6 373;18.10
6 374;18.70
6 375;18.95
6 376;18.80
6 377;18.15
6 378;17.15
6 379;16.50
6 380;16.30
6 381;16.10
6 382;15.90
6 383;15.75
6 384;15.60
6 385;15.50
6 386;15.60
6 387;15.75
6 388;15.85
6 389;15.90
6 390;15.90
6 391;16.00
6 392;16.40
6 393;16.60
6 394;17.00
6 395;18.05
6 396;19.10
6 397;19.85
6 398;20.45
6 399;21.10
6 400;21.40
6 401;21.20
6 402;20.70
6 403;20.20
6 404;19.75
6 405;19.30
6 406;18.85
6 407;18.35
6 408;17.90
6 409;17.35
6 410;16.60
6 411;16.05
6 412;15.70
6 413;15.35
6 414;15.10
6 415;15.25
6 416;15.85
6 417;16.55
6 418;17.25
6 419;17.90
6 420;18.40
6 421;18.75
6 422;18.95
6 423;19.00
6 424;18.90
6 425;18.60
6 426;18.15
6 427;17.50
6 428;16.75
6 429;16.05
6 430;15.35
6 431;14.65
6 432;13.90
6 433;13.20
6 434;12.60
6 435;12.15
6 436;11.80
6 437;11.50
6 438;11.40
6 439;11.60
6 440;12.20
6 441;13.15
6 442;14.15
6 443;15.05
6 444;15.90
6 445;16.50
6 446;16.85
6 447;17.00
6 448;16.80
6 449;16.30
6 450;15.65
6 451;15.05
6 452;14.55
6 453;14.00
6 454;13.45
6 455;12.95
6 456;12.45
6 457;12.00
6 458;11.65
6 459;11.40
6 460;11.20
6 461;11.05
6 462;11.00
6 463;11.30
6 464;12.05
6 465;12.95
6 466;13.95
6 467;15.00
6 468;15.85
6 469;16.55
6 470;17.25
6 471;17.80
6 472;18.10
6 473;18.00
6 474;17.40
6 475;16.60
6 476;15.80
6 477;15.00
6 478;14.20
6 479;13.40
6 480;12.60
6 481;11.80
6 482;10.95
6 483;10.25
6 484;9.75
6 485;9.30
6 486;9.10
6 487;9.30
6 488;9.90
6 489;10.75
6 490;11.65
6 491;12.45
6 492;13.15
6 493;13.75
6 494;14.10
6 495;14.20
6 496;14.05
6 497;13.60
6 498;12.90
6 499;12.35
6 500;12.05
6 501;11.75
6 502;11.40
6 503;11.05
6 504;10.75
6 505;10.65
6 506;10.70
6 507;10.75
6 508;10.80
6 509;10.85
6 510;10.90
6 511;11.30
6 512;12.45
6 513;14.05
6 514;15.70
6 515;17.20
6 516;18.45
6 517;19.40
6 518;20.00
6 519;20.20
6 520;19.95
6 521;19.30
6 522;18.35
6 523;17.55
6 524;17.00
6 525;16.40
6 526;15.85
6 527;15.30
6 528;14.70
6 529;14.10
6 530;13.45
6 531;12.90
6 532;12.55
6 533;12.25
6 534;12.10
6 535;12.55
6 536;13.60
6 537;14.60
6 538;15.50
6 539;16.70
6 540;17.80
6 541;18.60
6 542;19.00
6 543;18.90
6 544;18.65
6 545;18.20
6 546;17.45
6 547;16.55
6 548;15.65
6 549;14.75
6 550;13.85
6 551;12.95
6 552;12.05
6 553;11.15
6 554;10.25
6 555;9.60
6 556;9.20
6 557;8.80
6 558;8.60
6 559;8.80
6 560;9.40
6 561;10.10
6 562;10.75
6 563;11.35
6 564;11.70
6 565;11.90
6 566;11.90
6 567;11.70
6 568;11.50
6 569;11.25
6 570;10.85
6 571;10.35
6 572;9.50
6 573;8.80
6 574;8.45
6 575;7.95
6 576;7.40
6 577;6.90
6 578;6.55
6 579;6.30
6 580;6.10
6 581;5.95
6 582;5.90
6 583;5.95
6 584;6.35
6 585;6.75
6 586;7.05
6 587;8.00
6 588;9.40
6 589;10.65
6 590;11.65
6 591;12.15
6 592;12.15
6 593;11.95
6 594;11.40
6 595;10.85
6 596;10.50
6 597;10.15
6 598;9.80
6 599;9.45
6 600;9.10
6 601;8.75
6 602;8.45
6 603;8.20
6 604;8.05
6 605;7.95
6 606;7.90
6 607;8.00
6 608;8.30
6 609;8.70
6 610;9.10
6 611;9.50
6 612;9.85
6 613;10.10
6 614;11.15
6 615;12.65
6 616;13.40
6 617;13.45
6 618;12.95
6 619;12.50
6 620;12.25
6 621;11.95
6 622;11.65
6 623;11.35
6 624;11.05
6 625;10.75
6 626;10.50
6 627;10.25
6 628;10.00
6 629;9.85
6 630;9.75
6 631;9.45
6 632;9.75
6 633;10.75
6 634;11.40
6 635;11.80
6 636;12.25
6 637;12.70
6 638;13.00
6 639;13.00
6 640;12.75
6 641;12.40
6 642;12.00
6 643;11.60
6 644;11.15
6 645;10.75
6 646;10.40
6 647;10.00
6 648;9.65
6 649;9.30
6 650;8.90
6 651;8.50
6 652;8.20
6 653;8.00
6 654;7.85
6 655;8.10
6 656;9.25
6 657;11.00
6 658;12.75
6 659;14.15
6 660;15.30
6 661;16.40
6 662;17.20
6 663;17.60
6 664;17.50
6 665;16.85
6 666;15.75
6 667;14.80
6 668;14.15
6 669;13.50
6 670;12.85
6 671;12.20
6 672;11.60
6 673;11.00
6 674;10.40
6 675;9.80
6 676;9.35
6 677;9.05
6 678;8.80
6 679;8.90
6 680;9.95
6 681;11.65
6 682;13.25
6 683;14.60
6 684;15.70
6 685;16.60
6 686;17.20
6 687;17.40
6 688;17.10
6 689;16.30
6 690;15.25
6 691;14.40
6 692;13.80
6 693;13.25
6 694;12.70
6 695;12.10
6 696;11.55
6 697;11.05
6 698;10.60
6 699;10.20
6 700;9.90
6 701;9.70
6 702;9.50
6 703;9.50
6 704;10.90
6 705;13.10
6 706;14.90
6 707;16.55
6 708;17.55
6 709;18.15
6 710;18.60
6 711;18.50
6 712;18.10
6 713;17.40
6 714;16.30
6 715;15.35
6 716;14.60
6 717;13.85
6 718;13.15
6 719;12.40
6 720;11.65
6 721;10.95
6 722;10.25
6 723;9.50
6 724;8.90
6 725;8.50
6 726;8.15
6 727;8.20
6 728;9.30
6 729;10.90
6 730;12.25
6 731;13.45
6 732;14.50
6 733;15.35
6 734;15.80
6 735;15.90
6 736;15.55
6 737;14.70
6 738;13.60
6 739;12.90
6 740;12.65
6 741;12.35
6 742;12.05
6 743;11.75
6 744;11.50
6 745;11.40
6 746;11.45
6 747;11.50
6 748;11.50
6 749;11.50
6 750;11.55
6 751;11.65
6 752;12.20
6 753;12.95
6 754;13.85
6 755;14.90
6 756;15.65
6 757;16.20
6 758;16.50
6 759;16.65
6 760;16.55
6 761;16.10
6 762;15.50
6 763;15.15
6 764;15.00
6 765;14.90
6 766;14.75
6 767;14.60
6 768;14.55
6 769;14.45
6 770;14.35
6 771;14.20
6 772;14.10
6 773;14.05
6 774;13.95
6 775;14.00
6 776;14.30
6 777;15.20
6 778;16.00
6 779;16.55
6 780;17.35
6 781;18.10
6 782;18.75
6 783;19.05
6 784;19.05
6 785;18.75
6 786;18.15
6 787;17.75
6 788;17.60
6 789;17.40
6 790;17.20
6 791;17.00
6 792;16.75
6 793;16.25
6 794;15.90
6 795;16.00
6 796;15.50
6 797;15.35
6 798;15.85
6 799;15.95
6 800;16.30
6 801;16.90
6 802;17.45
6 803;17.85
6 804;18.10
6 805;18.30
6 806;18.50
6 807;18.60
6 808;18.50
6 809;18.25
6 810;18.00
6 811;17.70
6 812;17.30
6 813;16.95
6 814;16.50
6 815;16.00
6 816;15.70
6 817;15.40
6 818;14.95
6 819;14.45
6 820;14.05
6 821;13.80
6 822;13.60
6 823;13.70
6 824;14.05
6 825;14.70
6 826;15.40
6 827;16.50
6 828;18.05
6 829;18.85
6 830;18.60
6 831;18.20
6 832;18.05
6 833;17.65
6 834;17.05
6 835;16.50
6 836;16.10
6 837;15.75
6 838;15.40
6 839;15.00
6 840;14.60
6 841;14.20
6 842;13.85
6 843;13.50
6 844;13.20
6 845;13.05
6 846;12.95
6 847;12.95
6 848;13.25
6 849;13.80
6 850;14.40
6 851;14.95
6 852;15.40
6 853;15.80
6 854;16.85
6 855;18.15
6 856;18.70
6 857;18.60
6 858;18.05
6 859;17.35
6 860;16.70
6 861;16.05
6 862;15.35
6 863;14.70
6 864;14.05
6 865;13.30
6 866;12.45
6 867;11.55
6 868;10.85
6 869;10.35
6 870;9.90
6 871;9.80
6 872;10.95
6 873;13.10
6 874;15.30
6 875;17.35
6 876;19.05
6 877;20.25
6 878;20.90
6 879;21.05
6 880;20.45
6 881;19.10
6 882;17.50
6 883;16.20
6 884;15.20
6 885;14.15
6 886;13.10
6 887;12.10
6 888;11.05
6 889;10.20
6 890;9.65
6 891;9.10
6 892;8.65
6 893;8.35
6 894;8.10
6 895;8.15
6 896;9.45
6 897;11.75
6 898;14.00
6 899;16.05
6 900;17.75
6 901;18.95
6 902;19.60
6 903;19.75
6 904;19.25
6 905;18.05
6 906;16.55
6 907;15.40
6 908;14.65
6 909;13.90
6 910;13.10
6 911;12.30
6 912;11.50
6 913;10.75
6 914;10.00
6 915;9.20
6 916;8.60
6 917;8.20
6 918;7.85
6 919;7.75
6 920;8.45
6 921;9.90
6 922;11.45
6 923;12.80
6 924;13.75
6 925;14.15
6 926;14.25
6 927;14.10
6 928;13.55
6 929;12.75
6 930;11.85
6 931;11.20
6 932;10.75
6 933;10.25
6 934;9.75
6 935;9.25
6 936;8.75
6 937;8.35
6 938;8.05
6 939;7.75
6 940;7.50
6 941;7.35
6 942;7.25
6 943;7.35
6 944;8.55
6 945;10.70
6 946;12.70
6 947;13.95
6 948;14.75
6 949;15.60
6 950;16.40
6 951;16.75
6 952;16.30
6 953;15.30
6 954;14.35
6 955;13.65
6 956;12.95
6 957;12.25
6 958;11.55
6 959;10.85
6 960;10.15
6 961;9.45
6 962;8.75
6 963;8.05
6 964;7.55
6 965;7.20
6 966;6.90
6 967;6.90
6 968;8.00
6 969;10.00
6 970;11.85
6 971;13.55
6 972;15.05
6 973;16.15
6 974;16.75
6 975;16.80
6 976;16.30
6 977;15.20
6 978;14.05
6 979;13.20
6 980;12.35
6 981;11.45
6 982;10.55
6 983;9.70
6 984;8.85
6 985;8.00
6 986;7.15
6 987;6.30
6 988;5.65
6 989;5.15
6 990;4.75
6 991;4.65
6 992;5.65
6 993;7.60
6 994;9.55
6 995;11.35
6 996;12.85
6 997;13.95
6 998;14.55
6 999;14.60
7 000;14.05
7 001;12.80
7 002;11.75
7 003;11.30
7 004;10.85
7 005;10.35
7 006;9.85
7 007;9.35
7 008;8.85
7 009;8.50
7 010;8.35
7 011;8.20
7 012;8.05
7 013;8.00
7 014;7.95
7 015;8.00
7 016;9.10
7 017;11.15
7 018;13.20
7 019;15.10
7 020;16.70
7 021;17.90
7 022;18.70
7 023;19.00
7 024;18.60
7 025;17.45
7 026;16.40
7 027;15.75
7 028;15.10
7 029;14.45
7 030;13.80
7 031;13.15
7 032;12.50
7 033;11.85
7 034;11.15
7 035;10.40
7 036;9.85
7 037;9.50
7 038;9.15
7 039;9.05
7 040;9.70
7 041;11.05
7 042;12.40
7 043;13.35
7 044;14.35
7 045;15.40
7 046;16.05
7 047;16.25
7 048;15.95
7 049;15.20
7 050;14.35
7 051;13.65
7 052;13.00
7 053;12.35
7 054;11.65
7 055;10.95
7 056;10.25
7 057;9.65
7 058;9.10
7 059;8.55
7 060;8.15
7 061;7.85
7 062;7.60
7 063;7.55
7 064;7.70
7 065;8.15
7 066;8.75
7 067;9.50
7 068;10.25
7 069;10.80
7 070;11.20
7 071;11.35
7 072;11.30
7 073;10.95
7 074;10.45
7 075;10.00
7 076;9.60
7 077;9.15
7 078;8.70
7 079;8.30
7 080;7.90
7 081;7.50
7 082;7.15
7 083;6.85
7 084;6.60
7 085;6.45
7 086;6.35
7 087;6.35
7 088;6.45
7 089;6.65
7 090;7.00
7 091;7.40
7 092;7.85
7 093;8.15
7 094;8.95
7 095;10.05
7 096;10.45
7 097;10.25
7 098;9.85
7 099;9.55
7 100;9.25
7 101;8.95
7 102;8.65
7 103;8.40
7 104;8.15
7 105;7.85
7 106;7.55
7 107;7.25
7 108;7.00
7 109;6.85
7 110;6.75
7 111;6.75
7 112;7.15
7 113;7.80
7 114;8.10
7 115;8.10
7 116;8.15
7 117;8.45
7 118;9.45
7 119;10.55
7 120;11.00
7 121;10.80
7 122;10.30
7 123;9.90
7 124;9.50
7 125;9.05
7 126;8.60
7 127;8.20
7 128;7.80
7 129;7.35
7 130;6.85
7 131;6.30
7 132;5.90
7 133;5.70
7 134;5.50
7 135;5.40
7 136;5.55
7 137;5.90
7 138;6.30
7 139;6.65
7 140;6.95
7 141;7.20
7 142;7.95
7 143;8.90
7 144;9.20
7 145;8.95
7 146;8.45
7 147;7.95
7 148;7.45
7 149;7.00
7 150;6.55
7 151;6.05
7 152;5.55
7 153;5.05
7 154;4.55
7 155;4.05
7 156;3.65
7 157;3.35
7 158;3.10
7 159;3.00
7 160;3.35
7 161;4.10
7 162;4.95
7 163;5.85
7 164;6.60
7 165;7.10
7 166;7.35
7 167;7.35
7 168;7.05
7 169;6.45
7 170;5.95
7 171;5.70
7 172;5.50
7 173;5.25
7 174;5.00
7 175;4.75
7 176;4.50
7 177;4.35
7 178;4.30
7 179;4.30
7 180;4.30
7 181;4.30
7 182;4.30
7 183;4.35
7 184;4.55
7 185;4.95
7 186;5.25
7 187;5.50
7 188;5.80
7 189;5.95
7 190;6.80
7 191;8.00
7 192;8.50
7 193;8.35
7 194;7.90
7 195;7.50
7 196;7.10
7 197;6.65
7 198;6.20
7 199;5.80
7 200;5.40
7 201;4.85
7 202;4.15
7 203;3.45
7 204;2.95
7 205;2.60
7 206;2.30
7 207;2.20
7 208;2.50
7 209;3.20
7 210;4.00
7 211;4.70
7 212;5.25
7 213;5.70
7 214;5.95
7 215;5.95
7 216;5.70
7 217;5.20
7 218;4.90
7 219;4.85
7 220;4.80
7 221;4.75
7 222;4.60
7 223;4.55
7 224;4.55
7 225;4.55
7 226;4.65
7 227;4.75
7 228;4.85
7 229;4.95
7 230;5.00
7 231;5.05
7 232;5.20
7 233;5.40
7 234;6.50
7 235;8.00
7 236;9.05
7 237;9.85
7 238;10.30
7 239;10.45
7 240;10.20
7 241;9.65
7 242;9.10
7 243;8.70
7 244;8.30
7 245;7.90
7 246;7.50
7 247;7.10
7 248;6.70
7 249;6.20
7 250;5.55
7 251;4.85
7 252;4.35
7 253;4.00
7 254;3.70
7 255;3.60
7 256;4.25
7 257;5.75
7 258;7.55
7 259;9.30
7 260;10.70
7 261;11.70
7 262;12.30
7 263;12.35
7 264;11.80
7 265;10.75
7 266;9.80
7 267;9.20
7 268;8.65
7 269;8.10
7 270;7.50
7 271;6.95
7 272;6.40
7 273;5.90
7 274;5.45
7 275;5.00
7 276;4.70
7 277;4.50
7 278;4.30
7 279;4.25
7 280;4.70
7 281;5.65
7 282;6.75
7 283;7.80
7 284;8.60
7 285;9.05
7 286;9.30
7 287;9.40
7 288;9.15
7 289;8.50
7 290;7.80
7 291;7.20
7 292;6.55
7 293;5.90
7 294;5.25
7 295;4.45
7 296;3.55
7 297;2.65
7 298;1.75
7 299;0.85
7 300;0.05
7 301;-0.65
7 302;-1.25
7 303;-1.60
7 304;-1.30
7 305;-0.45
7 306;0.55
7 307;1.50
7 308;2.25
7 309;2.80
7 310;3.00
7 311;2.85
7 312;2.35
7 313;1.50
7 314;0.65
7 315;-0.05
7 316;-0.70
7 317;-1.35
7 318;-2.05
7 319;-2.75
7 320;-2.60
7 321;-2.10
7 322;-2.15
7 323;-2.20
7 324;-2.25
7 325;-2.30
7 326;-2.35
7 327;-2.40
7 328;-1.80
7 329;-0.40
7 330;1.25
7 331;2.85
7 332;4.15
7 333;5.00
7 334;5.40
7 335;5.35
7 336;4.75
7 337;3.70
7 338;3.00
7 339;2.75
7 340;2.45
7 341;2.20
7 342;1.95
7 343;1.70
7 344;1.45
7 345;1.30
7 346;1.30
7 347;1.25
7 348;1.20
7 349;1.25
7 350;1.30
7 351;1.30
7 352;1.55
7 353;2.05
7 354;2.65
7 355;3.30
7 356;3.85
7 357;4.15
7 358;4.35
7 359;4.40
7 360;4.15
7 361;3.80
7 362;3.50
7 363;3.30
7 364;3.10
7 365;2.95
7 366;2.80
7 367;2.60
7 368;2.40
7 369;2.15
7 370;1.85
7 371;1.60
7 372;1.45
7 373;1.30
7 374;1.20
7 375;1.20
7 376;1.35
7 377;1.60
7 378;1.90
7 379;2.40
7 380;2.80
7 381;3.05
7 382;4.05
7 383;5.30
7 384;5.75
7 385;5.50
7 386;5.05
7 387;4.75
7 388;4.45
7 389;4.15
7 390;3.85
7 391;3.60
7 392;3.35
7 393;3.00
7 394;2.65
7 395;2.30
7 396;2.00
7 397;1.80
7 398;1.65
7 399;1.60
7 400;1.70
7 401;1.90
7 402;2.20
7 403;2.60
7 404;3.00
7 405;3.30
7 406;4.30
7 407;5.60
7 408;6.05
7 409;5.75
7 410;5.30
7 411;5.05
7 412;4.80
7 413;4.55
7 414;4.30
7 415;4.05
7 416;3.75
7 417;3.50
7 418;3.25
7 419;2.95
7 420;2.70
7 421;2.55
7 422;2.45
7 423;2.40
7 424;2.65
7 425;3.30
7 426;4.10
7 427;4.80
7 428;5.25
7 429;5.50
7 430;5.60
7 431;5.55
7 432;5.35
7 433;4.95
7 434;4.55
7 435;4.30
7 436;4.05
7 437;3.80
7 438;3.55
7 439;3.30
7 440;3.05
7 441;2.80
7 442;2.60
7 443;2.35
7 444;2.15
7 445;2.05
7 446;1.95
7 447;1.85
7 448;2.40
7 449;3.55
7 450;4.60
7 451;5.35
7 452;5.85
7 453;6.25
7 454;6.45
7 455;6.35
7 456;6.05
7 457;5.55
7 458;5.15
7 459;5.05
7 460;4.95
7 461;4.85
7 462;4.75
7 463;4.65
7 464;4.55
7 465;4.50
7 466;4.55
7 467;4.65
7 468;4.70
7 469;4.70
7 470;4.75
7 471;4.80
7 472;4.95
7 473;5.45
7 474;6.20
7 475;6.90
7 476;7.40
7 477;7.80
7 478;8.05
7 479;8.05
7 480;7.85
7 481;7.50
7 482;7.20
7 483;7.05
7 484;6.95
7 485;6.85
7 486;6.75
7 487;6.60
7 488;6.45
7 489;6.30
7 490;6.15
7 491;6.00
7 492;5.85
7 493;5.80
7 494;5.75
7 495;5.75
7 496;6.45
7 497;8.30
7 498;10.70
7 499;12.90
7 500;14.40
7 501;15.00
7 502;14.45
7 503;13.35
7 504;12.50
7 505;11.55
7 506;10.95
7 507;10.85
7 508;10.75
7 509;10.65
7 510;10.55
7 511;10.45
7 512;10.35
7 513;10.15
7 514;9.85
7 515;9.55
7 516;9.30
7 517;9.15
7 518;9.05
7 519;8.95
7 520;9.10
7 521;9.45
7 522;10.15
7 523;11.15
7 524;12.00
7 525;12.55
7 526;12.75
7 527;12.70
7 528;12.45
7 529;12.00
7 530;11.65
7 531;11.50
7 532;11.35
7 533;11.25
7 534;11.15
7 535;11.05
7 536;10.95
7 537;10.85
7 538;10.80
7 539;10.80
7 540;10.85
7 541;10.90
7 542;10.90
7 543;10.90
7 544;11.10
7 545;11.70
7 546;12.40
7 547;12.95
7 548;13.35
7 549;13.60
7 550;13.75
7 551;13.75
7 552;13.50
7 553;13.10
7 554;12.80
7 555;12.50
7 556;12.25
7 557;12.10
7 558;11.85
7 559;11.60
7 560;11.40
7 561;11.05
7 562;10.50
7 563;9.95
7 564;9.55
7 565;9.25
7 566;9.00
7 567;8.75
7 568;8.65
7 569;8.75
7 570;8.85
7 571;8.95
7 572;9.05
7 573;9.10
7 574;9.10
7 575;9.05
7 576;8.95
7 577;8.80
7 578;8.60
7 579;8.35
7 580;8.05
7 581;7.75
7 582;7.45
7 583;7.00
7 584;6.70
7 585;6.70
7 586;6.70
7 587;6.60
7 588;6.50
7 589;6.50
7 590;6.50
7 591;6.50
7 592;6.55
7 593;6.85
7 594;7.30
7 595;7.55
7 596;7.80
7 597;8.00
7 598;7.80
7 599;7.80
7 600;7.90
7 601;7.70
7 602;7.50
7 603;7.35
7 604;7.20
7 605;7.00
7 606;6.80
7 607;6.65
7 608;6.50
7 609;6.05
7 610;5.40
7 611;4.75
7 612;4.20
7 613;3.85
7 614;3.55
7 615;3.30
7 616;3.50
7 617;4.85
7 618;6.85
7 619;8.60
7 620;9.95
7 621;10.80
7 622;11.15
7 623;11.00
7 624;10.25
7 625;9.05
7 626;8.15
7 627;7.60
7 628;7.05
7 629;6.55
7 630;6.00
7 631;5.45
7 632;4.90
7 633;4.40
7 634;4.00
7 635;3.55
7 636;3.20
7 637;3.00
7 638;2.80
7 639;2.60
7 640;2.70
7 641;3.85
7 642;5.50
7 643;6.35
7 644;7.20
7 645;7.85
7 646;7.85
7 647;7.50
7 648;6.60
7 649;5.70
7 650;5.30
7 651;5.25
7 652;5.20
7 653;5.20
7 654;5.20
7 655;5.15
7 656;5.10
7 657;5.15
7 658;5.25
7 659;5.35
7 660;5.45
7 661;5.45
7 662;5.55
7 663;5.40
7 664;5.50
7 665;6.15
7 666;6.60
7 667;7.00
7 668;7.35
7 669;7.60
7 670;7.70
7 671;7.65
7 672;7.50
7 673;7.30
7 674;7.15
7 675;7.05
7 676;6.90
7 677;6.85
7 678;6.85
7 679;6.70
7 680;6.60
7 681;6.50
7 682;6.35
7 683;6.20
7 684;6.10
7 685;6.05
7 686;6.00
7 687;5.95
7 688;6.00
7 689;6.65
7 690;7.15
7 691;7.70
7 692;8.80
7 693;9.60
7 694;10.35
7 695;10.90
7 696;10.65
7 697;9.95
7 698;9.40
7 699;9.05
7 700;8.70
7 701;8.35
7 702;8.00
7 703;7.65
7 704;7.30
7 705;6.85
7 706;6.30
7 707;5.70
7 708;5.25
7 709;4.90
7 710;4.60
7 711;4.35
7 712;4.20
7 713;4.50
7 714;5.15
7 715;5.80
7 716;6.30
7 717;6.55
7 718;6.65
7 719;6.60
7 720;6.30
7 721;5.80
7 722;5.60
7 723;5.85
7 724;6.15
7 725;6.40
7 726;6.65
7 727;6.95
7 728;7.25
7 729;7.55
7 730;7.90
7 731;8.35
7 732;8.75
7 733;9.05
7 734;9.30
7 735;9.50
7 736;10.00
7 737;11.40
7 738;13.35
7 739;14.95
7 740;16.25
7 741;16.90
7 742;16.90
7 743;17.30
7 744;17.15
7 745;16.10
7 746;15.45
7 747;15.20
7 748;14.95
7 749;14.65
7 750;14.35
7 751;14.05
7 752;13.80
7 753;13.25
7 754;12.35
7 755;11.45
7 756;10.80
7 757;10.35
7 758;9.90
7 759;9.55
7 760;9.40
7 761;9.55
7 762;10.00
7 763;10.55
7 764;10.95
7 765;11.45
7 766;11.90
7 767;11.85
7 768;11.50
7 769;11.00
7 770;10.55
7 771;10.20
7 772;9.85
7 773;9.50
7 774;9.15
7 775;8.80
7 776;8.45
7 777;8.05
7 778;7.55
7 779;7.65
7 780;7.85
7 781;7.80
7 782;7.90
7 783;7.90
7 784;7.90
7 785;8.00
7 786;8.20
7 787;8.40
7 788;8.60
7 789;8.75
7 790;8.80
7 791;8.75
7 792;8.60
7 793;8.45
7 794;8.40
7 795;8.35
7 796;8.30
7 797;8.35
7 798;8.40
7 799;8.40
7 800;8.40
7 801;8.35
7 802;8.25
7 803;8.35
7 804;8.45
7 805;8.50
7 806;8.55
7 807;8.55
7 808;8.65
7 809;8.80
7 810;9.05
7 811;9.30
7 812;9.50
7 813;9.60
7 814;9.65
7 815;9.70
7 816;9.60
7 817;9.35
7 818;8.95
7 819;9.00
7 820;9.30
7 821;9.05
7 822;8.30
7 823;8.45
7 824;8.95
7 825;8.85
7 826;8.90
7 827;8.85
7 828;8.75
7 829;8.70
7 830;8.70
7 831;8.70
7 832;8.70
7 833;8.95
7 834;9.45
7 835;9.95
7 836;10.35
7 837;10.65
7 838;10.80
7 839;10.75
7 840;10.55
7 841;10.30
7 842;10.05
7 843;9.80
7 844;9.60
7 845;9.40
7 846;9.05
7 847;8.85
7 848;8.75
7 849;8.25
7 850;7.55
7 851;6.60
7 852;5.90
7 853;5.65
7 854;5.35
7 855;5.00
7 856;4.80
7 857;4.75
7 858;4.70
7 859;4.65
7 860;4.60
7 861;4.55
7 862;4.45
7 863;4.35
7 864;4.25
7 865;4.15
7 866;4.05
7 867;3.90
7 868;3.70
7 869;3.55
7 870;3.45
7 871;3.35
7 872;3.20
7 873;3.25
7 874;3.55
7 875;3.85
7 876;4.10
7 877;4.30
7 878;4.50
7 879;4.70
7 880;4.90
7 881;5.65
7 882;7.05
7 883;8.60
7 884;9.75
7 885;10.60
7 886;11.30
7 887;11.35
7 888;10.90
7 889;10.20
7 890;9.60
7 891;9.20
7 892;8.80
7 893;8.40
7 894;8.00
7 895;7.60
7 896;7.20
7 897;6.60
7 898;5.75
7 899;4.90
7 900;4.25
7 901;3.80
7 902;3.45
7 903;3.15
7 904;3.10
7 905;4.15
7 906;6.05
7 907;7.80
7 908;9.20
7 909;10.15
7 910;10.55
7 911;10.35
7 912;9.55
7 913;8.40
7 914;7.50
7 915;6.90
7 916;6.30
7 917;5.70
7 918;5.10
7 919;4.50
7 920;3.90
7 921;3.40
7 922;3.00
7 923;2.60
7 924;2.30
7 925;2.10
7 926;1.90
7 927;1.75
7 928;1.80
7 929;3.00
7 930;5.20
7 931;7.20
7 932;8.85
7 933;10.00
7 934;10.55
7 935;10.45
7 936;9.60
7 937;8.35
7 938;7.40
7 939;6.75
7 940;6.10
7 941;5.45
7 942;4.80
7 943;4.15
7 944;3.50
7 945;2.80
7 946;2.00
7 947;1.20
7 948;0.55
7 949;0.05
7 950;-0.35
7 951;-0.65
7 952;-0.75
7 953;0.15
7 954;1.85
7 955;3.45
7 956;4.80
7 957;5.70
7 958;6.05
7 959;5.85
7 960;5.00
7 961;4.10
7 962;3.55
7 963;3.05
7 964;2.55
7 965;2.05
7 966;1.55
7 967;1.00
7 968;0.45
7 969;0.10
7 970;-0.10
7 971;-0.25
7 972;-0.35
7 973;-0.45
7 974;-0.55
7 975;-0.65
7 976;-0.65
7 977;-0.25
7 978;0.50
7 979;1.20
7 980;1.75
7 981;2.15
7 982;2.30
7 983;2.15
7 984;1.75
7 985;1.45
7 986;1.35
7 987;1.20
7 988;1.05
7 989;0.95
7 990;0.85
7 991;0.75
7 992;0.60
7 993;0.50
7 994;0.45
7 995;0.35
7 996;0.30
7 997;0.30
7 998;0.25
7 999;0.20
8 000;0.25
8 001;0.65
8 002;1.45
8 003;2.30
8 004;2.95
8 005;3.35
8 006;3.50
8 007;3.40
8 008;3.00
8 009;2.65
8 010;2.55
8 011;2.45
8 012;2.35
8 013;2.25
8 014;2.15
8 015;2.05
8 016;1.95
8 017;1.85
8 018;1.75
8 019;1.65
8 020;1.60
8 021;1.60
8 022;1.60
8 023;1.60
8 024;1.70
8 025;2.15
8 026;4.15
8 027;5.90
8 028;5.90
8 029;6.40
8 030;7.40
8 031;7.75
8 032;7.40
8 033;6.85
8 034;6.35
8 035;5.85
8 036;5.35
8 037;4.85
8 038;4.35
8 039;3.90
8 040;3.45
8 041;2.85
8 042;2.15
8 043;1.40
8 044;0.75
8 045;0.30
8 046;-0.10
8 047;-0.45
8 048;-0.65
8 049;-0.70
8 050;-0.70
8 051;-0.65
8 052;-0.45
8 053;-0.30
8 054;0.05
8 055;0.45
8 056;0.30
8 057;0.30
8 058;0.70
8 059;1.10
8 060;1.45
8 061;1.80
8 062;2.20
8 063;2.60
8 064;3.00
8 065;3.45
8 066;3.95
8 067;4.50
8 068;4.95
8 069;5.25
8 070;5.50
8 071;5.65
8 072;5.80
8 073;5.95
8 074;6.60
8 075;7.65
8 076;8.35
8 077;8.75
8 078;9.00
8 079;9.05
8 080;8.85
8 081;8.70
8 082;8.65
8 083;8.60
8 084;8.55
8 085;8.45
8 086;8.40
8 087;8.35
8 088;8.30
8 089;7.80
8 090;6.75
8 091;5.65
8 092;4.85
8 093;4.30
8 094;3.80
8 095;3.40
8 096;3.15
8 097;3.75
8 098;5.15
8 099;6.70
8 100;8.05
8 101;8.80
8 102;9.15
8 103;9.15
8 104;8.40
8 105;7.50
8 106;6.90
8 107;6.30
8 108;5.70
8 109;5.10
8 110;4.50
8 111;3.90
8 112;3.30
8 113;2.90
8 114;2.65
8 115;2.35
8 116;2.15
8 117;2.05
8 118;1.95
8 119;1.85
8 120;1.85
8 121;2.20
8 122;2.95
8 123;3.45
8 124;3.70
8 125;3.90
8 126;4.40
8 127;5.05
8 128;5.00
8 129;4.60
8 130;4.25
8 131;3.90
8 132;3.50
8 133;3.15
8 134;2.80
8 135;2.40
8 136;2.05
8 137;1.70
8 138;1.30
8 139;0.90
8 140;0.60
8 141;0.40
8 142;0.25
8 143;0.15
8 144;0.15
8 145;0.75
8 146;2.35
8 147;3.95
8 148;4.75
8 149;4.85
8 150;4.25
8 151;3.50
8 152;2.85
8 153;2.40
8 154;2.25
8 155;2.10
8 156;1.90
8 157;1.70
8 158;1.50
8 159;1.30
8 160;1.15
8 161;0.95
8 162;0.70
8 163;0.45
8 164;0.25
8 165;0.15
8 166;0.05
8 167;-0.05
8 168;-0.10
8 169;0.70
8 170;2.30
8 171;3.70
8 172;4.80
8 173;5.60
8 174;5.95
8 175;5.80
8 176;5.05
8 177;4.40
8 178;4.25
8 179;4.10
8 180;3.90
8 181;3.70
8 182;3.50
8 183;3.30
8 184;3.15
8 185;3.00
8 186;2.85
8 187;2.75
8 188;2.70
8 189;2.55
8 190;2.50
8 191;2.60
8 192;2.60
8 193;2.85
8 194;3.40
8 195;3.90
8 196;4.25
8 197;4.50
8 198;4.65
8 199;4.65
8 200;4.45
8 201;4.15
8 202;3.90
8 203;3.70
8 204;3.50
8 205;3.25
8 206;3.00
8 207;2.75
8 208;2.50
8 209;2.20
8 210;1.80
8 211;1.35
8 212;1.00
8 213;0.75
8 214;0.50
8 215;0.30
8 216;0.20
8 217;0.40
8 218;0.75
8 219;1.05
8 220;1.35
8 221;1.65
8 222;1.90
8 223;2.00
8 224;1.80
8 225;1.55
8 226;1.40
8 227;1.25
8 228;1.15
8 229;1.00
8 230;0.85
8 231;0.70
8 232;0.50
8 233;0.45
8 234;0.55
8 235;0.65
8 236;0.75
8 237;0.85
8 238;0.90
8 239;0.95
8 240;1.05
8 241;1.45
8 242;2.25
8 243;3.15
8 244;3.90
8 245;4.40
8 246;4.70
8 247;4.70
8 248;4.30
8 249;3.90
8 250;3.65
8 251;3.40
8 252;3.15
8 253;2.85
8 254;2.60
8 255;2.35
8 256;2.05
8 257;1.60
8 258;1.05
8 259;0.50
8 260;-0.25
8 261;-1.15
8 262;-1.35
8 263;-1.05
8 264;-1.05
8 265;-1.15
8 266;-1.25
8 267;-1.35
8 268;-1.45
8 269;-1.55
8 270;-1.70
8 271;-1.75
8 272;-1.75
8 273;-1.85
8 274;-1.80
8 275;-1.70
8 276;-1.60
8 277;-1.45
8 278;-1.40
8 279;-1.45
8 280;-1.35
8 281;-1.05
8 282;-0.70
8 283;-0.30
8 284;0.00
8 285;0.20
8 286;0.40
8 287;0.55
8 288;0.65
8 289;1.05
8 290;1.80
8 291;2.60
8 292;3.40
8 293;4.05
8 294;4.40
8 295;4.40
8 296;4.05
8 297;3.70
8 298;3.55
8 299;3.40
8 300;3.25
8 301;3.10
8 302;2.95
8 303;2.80
8 304;2.60
8 305;2.25
8 306;1.70
8 307;1.05
8 308;0.55
8 309;0.20
8 310;-0.10
8 311;-0.35
8 312;-0.60
8 313;-0.60
8 314;-0.50
8 315;-0.45
8 316;-0.35
8 317;-0.55
8 318;-0.65
8 319;-0.50
8 320;-0.60
8 321;-0.65
8 322;-0.60
8 323;-0.55
8 324;-0.50
8 325;-0.45
8 326;-0.40
8 327;-0.35
8 328;-0.35
8 329;-0.20
8 330;0.20
8 331;0.60
8 332;0.90
8 333;1.15
8 334;1.40
8 335;1.60
8 336;1.75
8 337;2.05
8 338;2.75
8 339;3.50
8 340;4.00
8 341;4.45
8 342;5.65
8 343;6.95
8 344;7.05
8 345;6.70
8 346;6.50
8 347;6.30
8 348;6.10
8 349;5.85
8 350;5.60
8 351;5.40
8 352;5.20
8 353;4.80
8 354;4.20
8 355;3.55
8 356;3.05
8 357;2.70
8 358;2.40
8 359;2.15
8 360;2.00
8 361;2.45
8 362;3.55
8 363;4.85
8 364;6.00
8 365;6.85
8 366;7.20
8 367;7.00
8 368;6.30
8 369;5.70
8 370;5.55
8 371;5.40
8 372;5.25
8 373;5.10
8 374;4.90
8 375;4.75
8 376;4.60
8 377;4.60
8 378;4.80
8 379;5.00
8 380;5.15
8 381;5.30
8 382;5.45
8 383;5.55
8 384;5.70
8 385;6.45
8 386;8.05
8 387;9.65
8 388;10.95
8 389;11.95
8 390;12.50
8 391;12.50
8 392;11.80
8 393;11.05
8 394;10.55
8 395;10.05
8 396;9.55
8 397;9.10
8 398;8.65
8 399;8.15
8 400;7.65
8 401;6.85
8 402;5.65
8 403;4.35
8 404;3.35
8 405;2.65
8 406;2.05
8 407;1.50
8 408;1.15
8 409;1.60
8 410;2.80
8 411;4.10
8 412;5.20
8 413;6.00
8 414;6.35
8 415;6.15
8 416;5.35
8 417;4.65
8 418;4.30
8 419;3.95
8 420;3.60
8 421;3.25
8 422;2.95
8 423;2.60
8 424;2.25
8 425;2.20
8 426;2.45
8 427;2.75
8 428;2.95
8 429;3.10
8 430;3.25
8 431;3.40
8 432;3.50
8 433;4.55
8 434;6.55
8 435;8.25
8 436;9.25
8 437;9.55
8 438;9.40
8 439;9.15
8 440;8.65
8 441;8.10
8 442;7.85
8 443;7.60
8 444;7.40
8 445;7.15
8 446;6.90
8 447;6.65
8 448;6.40
8 449;6.05
8 450;5.55
8 451;5.00
8 452;4.60
8 453;4.35
8 454;4.10
8 455;3.90
8 456;3.80
8 457;4.20
8 458;5.05
8 459;5.90
8 460;6.65
8 461;7.20
8 462;7.45
8 463;7.35
8 464;6.85
8 465;6.35
8 466;6.00
8 467;5.65
8 468;5.30
8 469;4.95
8 470;4.60
8 471;4.25
8 472;3.90
8 473;3.60
8 474;3.40
8 475;3.25
8 476;3.15
8 477;3.05
8 478;3.00
8 479;3.00
8 480;3.05
8 481;3.45
8 482;4.50
8 483;6.25
8 484;7.50
8 485;8.05
8 486;7.95
8 487;7.10
8 488;6.40
8 489;5.90
8 490;5.55
8 491;5.25
8 492;4.95
8 493;4.65
8 494;4.35
8 495;4.05
8 496;3.75
8 497;3.10
8 498;2.00
8 499;0.80
8 500;-0.10
8 501;-0.75
8 502;-1.35
8 503;-1.80
8 504;-2.10
8 505;-2.25
8 506;-2.35
8 507;-2.45
8 508;-2.55
8 509;-2.70
8 510;-2.85
8 511;-2.95
8 512;-3.10
8 513;-3.25
8 514;-3.45
8 515;-3.60
8 516;-3.65
8 517;-3.75
8 518;-3.90
8 519;-4.05
8 520;-4.15
8 521;-4.00
8 522;-3.50
8 523;-2.90
8 524;-2.45
8 525;-2.10
8 526;-1.75
8 527;-1.50
8 528;-1.35
8 529;-0.70
8 530;0.80
8 531;2.55
8 532;4.05
8 533;5.05
8 534;5.50
8 535;5.35
8 536;4.65
8 537;4.05
8 538;3.75
8 539;3.45
8 540;3.15
8 541;2.85
8 542;2.55
8 543;2.25
8 544;1.95
8 545;1.40
8 546;0.60
8 547;-0.25
8 548;-0.90
8 549;-1.35
8 550;-1.75
8 551;-2.05
8 552;-2.25
8 553;-2.15
8 554;-1.65
8 555;-1.10
8 556;-0.75
8 557;-0.65
8 558;-0.40
8 559;-0.10
8 560;-0.35
8 561;-0.80
8 562;-1.25
8 563;-1.70
8 564;-2.15
8 565;-2.60
8 566;-3.00
8 567;-3.45
8 568;-3.90
8 569;-4.20
8 570;-4.40
8 571;-4.60
8 572;-4.75
8 573;-4.85
8 574;-4.90
8 575;-4.95
8 576;-5.00
8 577;-4.85
8 578;-4.45
8 579;-3.95
8 580;-3.40
8 581;-3.00
8 582;-2.80
8 583;-2.70
8 584;-2.90
8 585;-3.25
8 586;-3.50
8 587;-3.75
8 588;-4.05
8 589;-4.35
8 590;-4.65
8 591;-4.95
8 592;-5.20
8 593;-5.55
8 594;-6.05
8 595;-6.55
8 596;-6.95
8 597;-7.20
8 598;-7.40
8 599;-7.60
8 600;-7.75
8 601;-7.45
8 602;-6.55
8 603;-5.00
8 604;-3.60
8 605;-3.20
8 606;-3.35
8 607;-3.75
8 608;-4.45
8 609;-5.00
8 610;-5.15
8 611;-5.30
8 612;-5.50
8 613;-5.65
8 614;-5.80
8 615;-6.00
8 616;-6.20
8 617;-6.30
8 618;-6.25
8 619;-6.20
8 620;-6.20
8 621;-6.15
8 622;-6.10
8 623;-6.10
8 624;-6.10
8 625;-5.95
8 626;-5.60
8 627;-5.05
8 628;-4.45
8 629;-4.00
8 630;-3.70
8 631;-3.65
8 632;-3.85
8 633;-4.05
8 634;-4.15
8 635;-4.25
8 636;-4.30
8 637;-4.35
8 638;-4.45
8 639;-4.55
8 640;-4.65
8 641;-4.75
8 642;-4.85
8 643;-5.00
8 644;-5.10
8 645;-5.15
8 646;-5.20
8 647;-5.20
8 648;-5.20
8 649;-4.95
8 650;-4.25
8 651;-3.30
8 652;-2.35
8 653;-1.70
8 654;-1.45
8 655;-1.55
8 656;-2.00
8 657;-2.40
8 658;-2.60
8 659;-2.75
8 660;-2.90
8 661;-3.10
8 662;-3.30
8 663;-3.50
8 664;-3.65
8 665;-3.85
8 666;-4.10
8 667;-4.30
8 668;-4.50
8 669;-4.65
8 670;-4.75
8 671;-4.85
8 672;-4.90
8 673;-4.85
8 674;-4.70
8 675;-4.25
8 676;-2.95
8 677;-1.50
8 678;-0.95
8 679;-0.85
8 680;-1.05
8 681;-1.60
8 682;-1.90
8 683;-1.90
8 684;-1.90
8 685;-1.90
8 686;-1.90
8 687;-1.90
8 688;-1.90
8 689;-1.85
8 690;-1.80
8 691;-1.75
8 692;-1.70
8 693;-1.65
8 694;-1.60
8 695;-1.60
8 696;-1.55
8 697;-1.35
8 698;-1.00
8 699;-0.55
8 700;-0.10
8 701;0.20
8 702;0.40
8 703;0.45
8 704;0.30
8 705;0.05
8 706;-0.10
8 707;-0.25
8 708;-0.30
8 709;-0.20
8 710;-0.25
8 711;-0.55
8 712;-0.55
8 713;-0.30
8 714;-0.35
8 715;-0.45
8 716;-0.50
8 717;-0.50
8 718;-0.50
8 719;-0.55
8 720;-0.55
8 721;-0.35
8 722;0.00
8 723;0.45
8 724;0.90
8 725;1.25
8 726;1.45
8 727;1.45
8 728;1.30
8 729;1.05
8 730;0.80
8 731;0.60
8 732;0.40
8 733;0.15
8 734;-0.20
8 735;-0.35
8 736;-0.40
8 737;-0.65
8 738;-1.05
8 739;-1.50
8 740;-1.80
8 741;-2.05
8 742;-2.30
8 743;-2.45
8 744;-2.55
8 745;-2.55
8 746;-2.40
8 747;-2.15
8 748;-1.90
8 749;-1.75
8 750;-1.65
8 751;-1.65
8 752;-1.85
8 753;-2.10
8 754;-2.20
8 755;-2.10
8 756;-2.00
8 757;-2.10
8 758;-1.95
8 759;-1.60
8 760;-1.45
